API,symbolic,symbolic_cnt,neuri,neuri_cnt,deepconstr,deepconstr_2,deepconstr_cnt,deepconstr_2_cnt,improvement_ratio_deepconstr_vs_neuri,improvement_ratio_deepconstr_vs_symbolic,improvement_ratio_deepconstr_vs_deepconstr_2
torch.Tensor.conj,,,1788.0,149.0,869.0,865.0,4131.0,3549.0,-0.5139821029082774,,0.004624277456647399
torch.Tensor.__and__,,,1650.0,150.0,1034.0,1118.0,5689.0,167.0,-0.37333333333333335,,-0.07513416815742398
torch.Tensor.pow_,,,2403.0,129.0,1735.0,1641.0,5730.0,7255.0,-0.27798585101955886,,0.05728214503351615
torch.Tensor.t,,,1863.0,100.0,1418.0,1393.0,6763.0,7546.0,-0.23886205045625336,,0.017946877243359655
torch.imag,,,1807.0,135.0,1408.0,1741.0,3513.0,4219.0,-0.22080796900940786,,-0.19126938541068353
torch.t,,,1795.0,87.0,1416.0,1416.0,5647.0,5661.0,-0.21114206128133706,,0.0
torch.Tensor.permute,,,2056.0,205.0,1650.0,,502.0,,-0.19747081712062256,,0.0
torch.atleast_3d,,,1950.0,161.0,1647.0,1585.0,4547.0,4546.0,-0.15538461538461537,,0.039116719242902206
torch.Tensor.sum,1997.0,2400.0,1968.0,281.0,1663.0,1874.0,3501.0,4243.0,-0.15497967479674796,-0.16725087631447172,-0.11259338313767342
torch.Tensor.mean,1958.0,33098.0,1976.0,147.0,1681.0,1724.0,5550.0,6195.0,-0.1492914979757085,-0.14147088866189989,-0.02494199535962877
torch.corrcoef,,,2143.0,88.0,1848.0,,636.0,,-0.13765748950069995,,0.0
torch.atleast_2d,,,1907.0,160.0,1649.0,1769.0,4556.0,4855.0,-0.13529103303618248,,-0.06783493499152063
torch.Tensor.reshape,1965.0,204.0,2019.0,246.0,1750.0,,244.0,,-0.133234274393264,-0.10941475826972011,0.0
torch._C._fft.fft_rfft2,,,1961.0,83.0,1701.0,,1.0,,-0.13258541560428352,,0.0
torch.Tensor.t_,,,1521.0,70.0,1324.0,1290.0,6459.0,7558.0,-0.1295200525969757,,0.02635658914728682
torch._C._linalg.linalg_ldl_factor_ex,,,1827.0,97.0,1596.0,,68.0,,-0.12643678160919541,,0.0
torch.Tensor.mul,,,1806.0,296.0,1579.0,1574.0,785.0,4708.0,-0.1256921373200443,,0.0031766200762388818
torch._C._linalg.linalg_eigh,,,1830.0,109.0,1608.0,,32.0,,-0.12131147540983607,,0.0
torch.Tensor.clamp_max,,,1806.0,152.0,1587.0,1736.0,3007.0,3546.0,-0.1212624584717608,,-0.0858294930875576
torch.addmm,,,2472.0,86.0,2173.0,,50.0,,-0.12095469255663431,,0.0
torch.nn.functional.binary_cross_entropy_with_logits,,,2236.0,80.0,1968.0,,2079.0,,-0.11985688729874776,,0.0
torch.nn.functional.batch_norm,,,2014.0,104.0,1778.0,,45.0,,-0.11717974180734857,,0.0
torch._C._linalg.linalg_ldl_factor,,,1803.0,89.0,1593.0,,59.0,,-0.11647254575707154,,0.0
torch._C._fft.fft_ihfft2,,,1914.0,95.0,1697.0,,1.0,,-0.11337513061650993,,0.0
torch.constant_pad_nd,,,1975.0,166.0,1753.0,1715.0,2942.0,7043.0,-0.11240506329113924,,0.022157434402332362
torch.Tensor.abs,,,1122.0,278.0,997.0,1013.0,3614.0,3621.0,-0.11140819964349376,,-0.01579466929911155
torch.Tensor.repeat,,,1923.0,142.0,1709.0,,2.0,,-0.11128445137805512,,0.0
torch.nn.functional.hardsigmoid,,,1811.0,177.0,1612.0,1691.0,3613.0,5692.0,-0.10988404196576478,,-0.04671791839148433
torch.transpose,,,1981.0,301.0,1764.0,1877.0,1657.0,2146.0,-0.10954063604240283,,-0.06020245071923282
torch._C._linalg.linalg_solve,,,2229.0,108.0,1987.0,2210.0,13.0,94.0,-0.10856886496186631,,-0.10090497737556561
torch._C._special.special_ndtr,,,1705.0,87.0,1520.0,2086.0,2918.0,2847.0,-0.10850439882697947,,-0.2713326941514861
torch.Tensor.as_strided_,,,1935.0,122.0,1735.0,1740.0,496.0,533.0,-0.10335917312661498,,-0.0028735632183908046
torch.select,,,1863.0,137.0,1672.0,1855.0,1007.0,2877.0,-0.1025228126677402,,-0.09865229110512129
torch._C._linalg.linalg_inv_ex,,,1922.0,106.0,1728.0,,62.0,,-0.10093652445369407,,0.0
torch.flip,,,1927.0,112.0,1733.0,,675.0,,-0.10067462376751427,,0.0
torch.atleast_1d,,,1812.0,214.0,1631.0,1749.0,4579.0,4689.0,-0.0998896247240618,,-0.06746712407089765
torch._C._linalg.linalg_cholesky_ex,,,1813.0,109.0,1634.0,,25.0,,-0.09873138444567016,,0.0
torch.nn.functional.huber_loss,,,2442.0,138.0,2202.0,2453.0,3598.0,3111.0,-0.09828009828009827,,-0.10232368528332654
torch.index_put,,,2236.0,78.0,2017.0,,23.0,,-0.09794275491949911,,0.0
torch.nn.functional.mish,,,1784.0,205.0,1622.0,1629.0,6565.0,6933.0,-0.09080717488789238,,-0.004297114794352364
torch.Tensor.norm,,,1918.0,110.0,1749.0,1621.0,5410.0,7577.0,-0.0881126173096976,,0.07896360271437385
torch.ones_like,,,1897.0,142.0,1732.0,1801.0,1567.0,3327.0,-0.08697944122298366,,-0.038312048861743477
torch.Tensor.any,,,1820.0,187.0,1664.0,1685.0,5275.0,5383.0,-0.08571428571428572,,-0.012462908011869436
torch.Tensor.new_zeros,,,1937.0,172.0,1772.0,,2.0,,-0.08518327310273618,,0.0
torch.Tensor.rsqrt_,,,1628.0,84.0,1490.0,1537.0,1003.0,1058.0,-0.08476658476658476,,-0.03057905009759271
torch.nn.functional.adaptive_max_pool3d_with_indices,,,1876.0,87.0,1717.0,1712.0,2197.0,1596.0,-0.0847547974413646,,0.0029205607476635513
torch.Tensor.scatter_,,,2215.0,83.0,2029.0,,5.0,,-0.08397291196388262,,0.0
torch._C._fft.fft_irfft2,,,2006.0,83.0,1841.0,,66.0,,-0.08225324027916252,,0.0
torch.adaptive_max_pool1d,,,1949.0,91.0,1789.0,1789.0,3888.0,205.0,-0.08209338122113904,,0.0
torch.Tensor.squeeze,1866.0,37519.0,1895.0,317.0,1741.0,1702.0,3810.0,4521.0,-0.0812664907651715,-0.0669882100750268,0.022914218566392478
torch.conj,,,961.0,201.0,883.0,876.0,3727.0,4587.0,-0.08116545265348596,,0.007990867579908675
torch.nn.functional.silu,,,1751.0,169.0,1609.0,1718.0,3661.0,3593.0,-0.08109651627641348,,-0.06344586728754366
torch.nn.functional.layer_norm,,,2337.0,192.0,2148.0,,83.0,,-0.08087291399229782,,0.0
torch.tile,,,1933.0,128.0,1777.0,1816.0,2.0,2.0,-0.08070356958096224,,-0.021475770925110133
torch.Tensor.clamp,,,1208.0,154.0,1112.0,1147.0,1996.0,2740.0,-0.07947019867549669,,-0.03051438535309503
torch.adaptive_avg_pool1d,,,2054.0,103.0,1893.0,1889.0,4674.0,4546.0,-0.07838364167478092,,0.0021175224986765486
torch.Tensor.trunc,,,1083.0,116.0,1000.0,1039.0,3596.0,4391.0,-0.07663896583564174,,-0.03753609239653513
torch.nn.functional.adaptive_max_pool2d_with_indices,,,1868.0,95.0,1725.0,1682.0,2447.0,3827.0,-0.07655246252676659,,0.025564803804994055
torch.Tensor.view,,,1990.0,190.0,1839.0,1605.0,44.0,4.0,-0.07587939698492463,,0.14579439252336449
torch.Tensor.flatten,1836.0,947.0,1868.0,614.0,1729.0,1735.0,245.0,700.0,-0.07441113490364026,-0.05827886710239651,-0.00345821325648415
torch.ldexp,,,2131.0,132.0,1975.0,2401.0,931.0,2651.0,-0.07320506804317221,,-0.17742607246980424
torch._C._nn.adaptive_max_pool3d,,,1856.0,93.0,1722.0,1700.0,110.0,3455.0,-0.07219827586206896,,0.012941176470588235
torch.nn.functional.hardswish,,,1721.0,102.0,1597.0,1617.0,6124.0,6263.0,-0.07205113306217316,,-0.012368583797155226
torch.nn.functional.selu,,,1712.0,186.0,1590.0,1510.0,1575.0,1852.0,-0.07126168224299065,,0.052980132450331126
torch.Tensor.max,1655.0,20788.0,1777.0,118.0,1653.0,1632.0,1705.0,3101.0,-0.06978052898142938,-0.0012084592145015106,0.012867647058823529
torch.nn.functional.cosine_embedding_loss,,,2256.0,83.0,2099.0,2090.0,439.0,445.0,-0.06959219858156028,,0.00430622009569378
torch.squeeze,,,1904.0,255.0,1772.0,1821.0,1522.0,4129.0,-0.06932773109243698,,-0.026908292147171883
torch.Tensor.nan_to_num_,,,1805.0,95.0,1681.0,1785.0,3514.0,4345.0,-0.06869806094182826,,-0.05826330532212885
torch.nn.functional.adaptive_max_pool1d_with_indices,,,1925.0,96.0,1796.0,1787.0,2807.0,3530.0,-0.06701298701298701,,0.005036373810856184
torch.Tensor.flip,,,1875.0,151.0,1751.0,1723.0,5215.0,1784.0,-0.06613333333333334,,0.01625072547881602
torch.cummin,,,1792.0,100.0,1674.0,1707.0,1068.0,2752.0,-0.06584821428571429,,-0.019332161687170474
torch.fliplr,,,1777.0,146.0,1660.0,1667.0,3687.0,4648.0,-0.06584130557118739,,-0.004199160167966407
torch.Tensor.mv,,,2050.0,89.0,1916.0,1875.0,9.0,1.0,-0.06536585365853659,,0.021866666666666666
torch.fmin,,,2193.0,134.0,2050.0,2117.0,524.0,660.0,-0.06520747834017328,,-0.03164855928200284
torch.pinverse,,,1964.0,117.0,1838.0,1829.0,151.0,159.0,-0.06415478615071284,,0.004920721705850191
torch.Tensor.movedim,,,1978.0,199.0,1852.0,1882.0,2521.0,5472.0,-0.06370070778564206,,-0.015940488841657812
torch.Tensor.new_ones,,,1860.0,158.0,1742.0,,1.0,,-0.06344086021505377,,0.0
torch._C._fft.fft_hfft2,,,2023.0,91.0,1897.0,,43.0,,-0.06228373702422145,,0.0
torch.as_tensor,,,1155.0,80.0,1084.0,1087.0,3575.0,4602.0,-0.06147186147186147,,-0.0027598896044158236
torch.frexp,,,1733.0,140.0,1627.0,1622.0,2232.0,6121.0,-0.061165608770917486,,0.0030826140567200987
torch.Tensor.log10_,,,1724.0,89.0,1619.0,1673.0,3564.0,3862.0,-0.060904872389791184,,-0.032277346084877465
torch.Tensor.tril_,,,1824.0,102.0,1713.0,1709.0,2889.0,3461.0,-0.06085526315789474,,0.0023405500292568754
torch.Tensor.acos_,,,1734.0,93.0,1630.0,1654.0,5882.0,5988.0,-0.05997693194925029,,-0.014510278113663845
torch.Tensor.lgamma_,,,1714.0,83.0,1613.0,1653.0,3587.0,3690.0,-0.058926487747957994,,-0.024198427102238355
torch.pixel_shuffle,,,1803.0,87.0,1697.0,,92.0,,-0.058790904048807546,,0.0
torch.Tensor.prod,,,1804.0,183.0,1699.0,1692.0,5304.0,6663.0,-0.0582039911308204,,0.004137115839243499
torch.Tensor.expand,1346.0,2761.0,1434.0,228.0,1353.0,925.0,557.0,5595.0,-0.056485355648535567,0.005200594353640416,0.4627027027027027
torch.Tensor.sqrt_,,,1724.0,146.0,1627.0,1617.0,6312.0,7428.0,-0.05626450116009281,,0.006184291898577613
torch.pixel_unshuffle,,,1794.0,80.0,1694.0,,96.0,,-0.055741360089186176,,0.0
torch.Tensor.reciprocal,,,1099.0,122.0,1038.0,1078.0,3667.0,4432.0,-0.055505004549590536,,-0.03710575139146568
torch.Tensor.log_softmax,,,1808.0,105.0,1710.0,1754.0,3157.0,5956.0,-0.05420353982300885,,-0.02508551881413911
torch.isnan,,,1055.0,179.0,998.0,1051.0,2053.0,4763.0,-0.05402843601895735,,-0.05042816365366318
torch.relu_,,,1708.0,110.0,1617.0,1681.0,3135.0,3399.0,-0.05327868852459016,,-0.0380725758477097
torch.flipud,,,1753.0,211.0,1660.0,1691.0,3708.0,4632.0,-0.05305191100969766,,-0.018332347723240685
torch.permute,,,2037.0,128.0,1929.0,,390.0,,-0.053019145802650956,,0.0
torch.Tensor.le,,,1549.0,152.0,1467.0,1535.0,815.0,876.0,-0.05293737895416398,,-0.04429967426710098
torch.Tensor.bitwise_and,,,2141.0,108.0,2030.0,-35809.0,131.0,0.0,-0.05184493227463802,,0.0
torch.cross,,,2144.0,101.0,2033.0,2209.0,2091.0,2190.0,-0.05177238805970149,,-0.07967406066093255
torch.nn.functional.softsign,,,1373.0,188.0,1302.0,1246.0,3461.0,3622.0,-0.051711580480699196,,0.0449438202247191
torch.relu,,,1131.0,211.0,1074.0,1067.0,1750.0,3372.0,-0.050397877984084884,,0.006560449859418931
torch.Tensor.logical_xor_,,,2391.0,121.0,2273.0,2423.0,1507.0,1826.0,-0.0493517356754496,,-0.06190672719768882
torch.Tensor.transpose,1943.0,418.0,1968.0,214.0,1871.0,1897.0,2594.0,5787.0,-0.04928861788617886,-0.03705609881626351,-0.013705851344227728
torch.isfinite,,,1787.0,187.0,1699.0,1636.0,3915.0,4575.0,-0.049244543928371576,,0.03850855745721271
torch.Tensor.all,,,1741.0,126.0,1656.0,1666.0,5161.0,5355.0,-0.048822515795519814,,-0.006002400960384154
torch.svd,,,1913.0,96.0,1820.0,1827.0,81.0,134.0,-0.048614741244119186,,-0.0038314176245210726
torch.nn.functional.group_norm,,,2264.0,152.0,2155.0,,108.0,,-0.04814487632508834,,0.0
torch.take,,,2119.0,86.0,2020.0,1838.0,31.0,2.0,-0.04672015101462954,,0.09902067464635474
torch.Tensor.erfc_,,,1734.0,90.0,1655.0,1653.0,4262.0,3683.0,-0.04555940023068051,,0.0012099213551119178
torch.Tensor.msort,,,1772.0,104.0,1694.0,1762.0,3527.0,3928.0,-0.04401805869074492,,-0.03859250851305335
torch.Tensor.frac,,,1071.0,84.0,1025.0,1034.0,4701.0,4244.0,-0.04295051353874883,,-0.008704061895551257
torch._C._nn.adaptive_max_pool2d,,,1791.0,100.0,1715.0,1733.0,1288.0,3893.0,-0.04243439419318816,,-0.0103866128101558
torch.Tensor.pow,,,2198.0,155.0,2105.0,2133.0,745.0,931.0,-0.042311191992720654,,-0.013127051101734646
torch.Tensor.addmv_,,,2319.0,90.0,2222.0,1948.0,261.0,75.0,-0.041828374299266925,,0.1406570841889117
torch.Tensor.sqrt,,,1104.0,135.0,1058.0,1035.0,3598.0,4578.0,-0.041666666666666664,,0.022222222222222223
torch.argwhere,,,1805.0,118.0,1730.0,1729.0,1700.0,2157.0,-0.04155124653739612,,0.000578368999421631
torch.Tensor.digamma,,,1719.0,82.0,1649.0,1661.0,4059.0,3613.0,-0.04072134962187318,,-0.007224563515954244
torch.Tensor.nan_to_num,,,1783.0,84.0,1711.0,1786.0,3542.0,4191.0,-0.040381379697139654,,-0.041993281075028
torch.Tensor.sinh_,,,1691.0,88.0,1624.0,1622.0,6356.0,7383.0,-0.039621525724423415,,0.0012330456226880395
torch.view_as_complex,,,1641.0,182.0,1576.0,,502.0,,-0.039609993906154786,,0.0
torch.Tensor.fill_,,,1853.0,355.0,1780.0,1769.0,4315.0,3902.0,-0.03939557474365893,,0.006218202374222725
torch._C._fft.fft_ihfftn,,,2000.0,98.0,1923.0,1928.0,2.0,4.0,-0.0385,,-0.0025933609958506223
torch.Tensor.polygamma_,,,1786.0,87.0,1718.0,1694.0,334.0,710.0,-0.03807390817469205,,0.014167650531286895
torch.Tensor.tan_,,,1722.0,82.0,1658.0,1571.0,5369.0,6159.0,-0.03716608594657375,,0.05537873965626989
torch.as_strided,,,2056.0,116.0,1980.0,,12.0,,-0.03696498054474708,,0.0
torch.Tensor.diagonal,,,1974.0,173.0,1903.0,1904.0,2244.0,568.0,-0.03596757852077001,,-0.0005252100840336134
torch.Tensor.triu_,,,1766.0,107.0,1703.0,1701.0,2897.0,3576.0,-0.03567383918459796,,0.0011757789535567313
torch.Tensor.expm1_,,,1711.0,84.0,1650.0,1665.0,4202.0,3571.0,-0.03565166569257744,,-0.009009009009009009
torch.Tensor.sinh,,,1026.0,78.0,990.0,1088.0,3532.0,4455.0,-0.03508771929824561,,-0.0900735294117647
torch.Tensor.log2_,,,1715.0,85.0,1655.0,1676.0,3601.0,3818.0,-0.03498542274052478,,-0.012529832935560859
torch._C._fft.fft_fft,,,1948.0,86.0,1880.0,1808.0,2159.0,5640.0,-0.03490759753593429,,0.03982300884955752
torch.Tensor.tril,1696.0,39.0,1761.0,164.0,1700.0,1673.0,2930.0,3594.0,-0.034639409426462237,0.0023584905660377358,0.016138673042438732
torch.Tensor.sin,,,1047.0,93.0,1011.0,1071.0,3543.0,4488.0,-0.034383954154727794,,-0.056022408963585436
torch._C._fft.fft_rfftn,,,1959.0,80.0,1893.0,,9.0,,-0.033690658499234305,,0.0
torch.resolve_neg,,,1674.0,80.0,1618.0,1668.0,3065.0,3388.0,-0.03345280764635603,,-0.02997601918465228
torch.Tensor.bmm,,,2094.0,83.0,2024.0,2032.0,298.0,378.0,-0.033428844317096466,,-0.003937007874015748
torch.masked_fill,,,2210.0,125.0,2137.0,2200.0,184.0,545.0,-0.0330316742081448,,-0.028636363636363637
torch._C._nn.avg_pool2d,,,1857.0,78.0,1796.0,-35809.0,28.0,0.0,-0.03284868066774367,,0.0
torch.nn.functional.softmin,,,1798.0,143.0,1739.0,,3114.0,,-0.03281423804226919,,0.0
torch.Tensor.heaviside,,,2108.0,94.0,2039.0,2099.0,836.0,844.0,-0.03273244781783681,,-0.028585040495474036
torch.Tensor.unsqueeze,,,1224.0,260.0,1185.0,1180.0,1475.0,2432.0,-0.031862745098039214,,0.00423728813559322
torch.Tensor.narrow,,,1852.0,111.0,1793.0,1898.0,4496.0,1460.0,-0.03185745140388769,,-0.05532139093782929
torch.Tensor.floor_,,,1704.0,110.0,1651.0,1675.0,4103.0,3738.0,-0.031103286384976527,,-0.014328358208955224
torch.Tensor.relu_,,,1716.0,112.0,1663.0,1687.0,3722.0,4485.0,-0.030885780885780884,,-0.014226437462951986
torch._C._linalg.linalg_solve_ex,,,2107.0,89.0,2042.0,,79.0,,-0.030849549121974372,,0.0
torch.std_mean,,,1987.0,100.0,1926.0,1915.0,431.0,3858.0,-0.03069954705586311,,0.005744125326370757
torch.Tensor.trunc_,,,1733.0,98.0,1680.0,1683.0,3410.0,4390.0,-0.030582804385458743,,-0.0017825311942959
torch.nn.functional.hardtanh,,,1862.0,176.0,1807.0,1884.0,4045.0,4286.0,-0.02953813104189044,,-0.04087048832271762
torch.nonzero,,,1839.0,105.0,1787.0,1785.0,1135.0,1104.0,-0.028276237085372486,,0.0011204481792717086
torch.movedim,,,2028.0,307.0,1972.0,1830.0,1639.0,3033.0,-0.027613412228796843,,0.07759562841530054
torch.isinf,,,1739.0,165.0,1691.0,1678.0,1891.0,4663.0,-0.027602070155261643,,0.0077473182359952325
torch.Tensor.adjoint,,,1817.0,101.0,1767.0,1785.0,907.0,945.0,-0.0275178866263071,,-0.010084033613445379
torch.Tensor.digamma_,,,1720.0,94.0,1673.0,1677.0,3902.0,3467.0,-0.02732558139534884,,-0.002385211687537269
torch.masked_scatter,,,2103.0,78.0,2046.0,,6.0,,-0.02710413694721826,,0.0
torch.Tensor.asin_,,,1684.0,79.0,1639.0,1641.0,2659.0,3174.0,-0.02672209026128266,,-0.001218769043266301
torch.Tensor.round,,,1014.0,93.0,987.0,1046.0,3550.0,4289.0,-0.026627218934911243,,-0.05640535372848948
torch.Tensor.sub_,,,2563.0,177.0,2495.0,,482.0,,-0.026531408505657432,,0.0
torch.Tensor.sub,,,1625.0,127.0,1582.0,1598.0,812.0,997.0,-0.02646153846153846,,-0.010012515644555695
torch.Tensor.reciprocal_,,,1718.0,114.0,1673.0,1647.0,6338.0,7478.0,-0.02619324796274738,,0.015786278081360048
torch.sort,,,1873.0,120.0,1825.0,1845.0,708.0,2656.0,-0.02562733582487987,,-0.01084010840108401
torch.Tensor.transpose_,,,1816.0,80.0,1770.0,1682.0,4950.0,1517.0,-0.025330396475770924,,0.052318668252080855
torch.positive,,,1705.0,195.0,1662.0,1659.0,3306.0,3442.0,-0.025219941348973606,,0.0018083182640144665
torch._C._nn.upsample_bicubic2d,,,1952.0,86.0,1903.0,1803.0,1741.0,5279.0,-0.025102459016393443,,0.05546311702717693
torch.rot90,,,1965.0,92.0,1917.0,1919.0,784.0,1821.0,-0.024427480916030534,,-0.0010422094841063053
torch.addmv,,,2204.0,88.0,2151.0,2189.0,36.0,21.0,-0.024047186932849365,,-0.01735952489721334
torch.var_mean,,,1895.0,107.0,1850.0,1895.0,465.0,3980.0,-0.023746701846965697,,-0.023746701846965697
torch.unfold_copy,,,1802.0,281.0,1760.0,1727.0,741.0,597.0,-0.023307436182019976,,0.01910828025477707
torch._C._fft.fft_ifftshift,,,1931.0,138.0,1887.0,,1667.0,,-0.02278612118073537,,0.0
torch.Tensor.isnan,,,1058.0,112.0,1034.0,1055.0,3996.0,3995.0,-0.022684310018903593,,-0.01990521327014218
torch.Tensor.ravel,,,1796.0,154.0,1757.0,1762.0,1966.0,2351.0,-0.021714922048997772,,-0.0028376844494892167
torch.Tensor.zero_,,,1625.0,292.0,1590.0,1660.0,3026.0,4366.0,-0.021538461538461538,,-0.04216867469879518
torch.Tensor.fmod_,,,2097.0,84.0,2053.0,2150.0,511.0,2157.0,-0.020982355746304245,,-0.045116279069767444
torch.Tensor.frac_,,,1693.0,89.0,1658.0,1555.0,4331.0,4017.0,-0.02067336089781453,,0.06623794212218649
torch.nn.functional.mse_loss,,,2310.0,90.0,2263.0,2548.0,2682.0,2969.0,-0.020346320346320345,,-0.1118524332810047
torch.Tensor.scatter_add_,,,2189.0,85.0,2145.0,,24.0,,-0.020100502512562814,,0.0
torch.Tensor.tanh_,,,1699.0,94.0,1665.0,1629.0,6250.0,7389.0,-0.020011771630370805,,0.022099447513812154
torch.Tensor.logical_not_,,,1702.0,89.0,1668.0,1607.0,3795.0,4121.0,-0.0199764982373678,,0.037958929682638455
torch.Tensor.lerp,,,1621.0,104.0,1589.0,1592.0,689.0,737.0,-0.01974090067859346,,-0.0018844221105527637
torch.Tensor.mm,,,2063.0,94.0,2024.0,1963.0,1682.0,2012.0,-0.018904507998061076,,0.03107488537952114
torch.nn.functional.softmax,,,1796.0,285.0,1763.0,1722.0,4941.0,1148.0,-0.018374164810690423,,0.023809523809523808
torch.Tensor.ldexp_,,,2199.0,80.0,2159.0,2036.0,1811.0,3074.0,-0.018190086402910415,,0.06041257367387033
torch.argsort,,,1872.0,149.0,1838.0,1805.0,1658.0,5115.0,-0.018162393162393164,,0.018282548476454295
torch.Tensor.cosh_,,,1693.0,89.0,1663.0,1655.0,4190.0,3645.0,-0.01772002362669817,,0.004833836858006042
torch.maximum,,,2131.0,154.0,2095.0,2233.0,563.0,1785.0,-0.01689347724073205,,-0.06180026869682042
torch.swapdims,,,1924.0,203.0,1892.0,1899.0,2114.0,2191.0,-0.016632016632016633,,-0.003686150605581885
torch.Tensor.atan_,,,1688.0,85.0,1660.0,1638.0,2651.0,3190.0,-0.016587677725118485,,0.013431013431013432
torch.real,,,1700.0,183.0,1672.0,1647.0,3384.0,3375.0,-0.01647058823529412,,0.015179113539769277
torch.roll,,,1902.0,98.0,1872.0,1890.0,677.0,613.0,-0.015772870662460567,,-0.009523809523809525
torch.hinge_embedding_loss,,,2287.0,96.0,2252.0,,2445.0,,-0.01530389156099694,,0.0
torch.Tensor.exp_,,,1700.0,86.0,1674.0,1616.0,4338.0,3588.0,-0.015294117647058824,,0.03589108910891089
torch.Tensor.squeeze_,,,1706.0,97.0,1680.0,1604.0,3821.0,4545.0,-0.015240328253223915,,0.04738154613466334
torch.nn.functional.celu,,,1800.0,200.0,1773.0,1738.0,6368.0,7163.0,-0.015,,0.020138089758342925
torch.Tensor.erfinv,,,1736.0,87.0,1710.0,1690.0,4361.0,3776.0,-0.014976958525345621,,0.011834319526627219
torch.Tensor.erfc,,,1091.0,84.0,1075.0,1068.0,4488.0,3721.0,-0.01466544454628781,,0.006554307116104869
torch.Tensor.relu,,,1078.0,105.0,1063.0,969.0,3698.0,4551.0,-0.013914656771799629,,0.09700722394220847
torch.Tensor.tanh,,,1094.0,89.0,1079.0,1078.0,3927.0,4377.0,-0.013711151736745886,,0.0009276437847866419
torch._C._linalg.linalg_vander,,,2013.0,122.0,1987.0,1997.0,1780.0,2349.0,-0.012916045702930949,,-0.005007511266900351
torch.Tensor.erfinv_,,,1692.0,103.0,1671.0,1644.0,4172.0,3699.0,-0.012411347517730497,,0.016423357664233577
torch.Tensor.ceil,,,1077.0,88.0,1064.0,1061.0,2737.0,3347.0,-0.012070566388115135,,0.002827521206409048
torch.cummax,,,1786.0,93.0,1765.0,1750.0,1217.0,2719.0,-0.011758118701007838,,0.008571428571428572
torch.zero_,,,1693.0,112.0,1674.0,1670.0,3280.0,3269.0,-0.011222681630242174,,0.0023952095808383233
torch.Tensor.sort,,,1813.0,126.0,1793.0,1829.0,3072.0,3638.0,-0.011031439602868174,,-0.019682886823400764
torch.Tensor.logical_not,,,1706.0,188.0,1688.0,1511.0,3736.0,4007.0,-0.010550996483001172,,0.1171409662475182
torch.Tensor.sign_,,,1692.0,99.0,1675.0,1677.0,3873.0,4358.0,-0.01004728132387707,,-0.0011926058437686344
torch.Tensor.log10,,,1088.0,89.0,1078.0,1082.0,3711.0,3924.0,-0.009191176470588236,,-0.0036968576709796672
torch.Tensor.log_,,,1605.0,92.0,1591.0,1672.0,3572.0,3863.0,-0.008722741433021807,,-0.04844497607655503
torch.Tensor.reshape_as,,,2241.0,129.0,2222.0,2111.0,772.0,3216.0,-0.008478357875948238,,0.052581714827096164
torch.swapaxes,,,1913.0,199.0,1898.0,1876.0,3906.0,3896.0,-0.007841087297438577,,0.011727078891257996
torch.Tensor.clamp_max_,,,1759.0,85.0,1746.0,1651.0,2953.0,3509.0,-0.007390562819783968,,0.05754088431253786
torch._C._nn.gelu_,,,1771.0,94.0,1758.0,1713.0,790.0,1147.0,-0.007340485601355167,,0.02626970227670753
torch.Tensor.bitwise_not,,,1641.0,91.0,1629.0,1639.0,5135.0,5849.0,-0.007312614259597806,,-0.006101281269066504
torch.Tensor.view_as,,,2232.0,159.0,2216.0,2217.0,876.0,1368.0,-0.007168458781362007,,-0.0004510599909788002
torch.Tensor.eq,,,1566.0,187.0,1555.0,1617.0,905.0,4178.0,-0.0070242656449553,,-0.0383426097711812
torch._C._linalg.linalg_inv,,,1785.0,118.0,1773.0,1645.0,59.0,94.0,-0.0067226890756302525,,0.07781155015197569
torch.Tensor.erf,,,1081.0,84.0,1074.0,1063.0,4317.0,3744.0,-0.0064754856614246065,,0.010348071495766699
torch.moveaxis,,,2011.0,279.0,1998.0,1980.0,2853.0,3923.0,-0.006464445549477871,,0.00909090909090909
torch.Tensor.masked_fill_,,,2272.0,132.0,2259.0,2140.0,1214.0,62.0,-0.005721830985915493,,0.05560747663551402
torch._C._nn.upsample_nearest2d,,,1956.0,91.0,1946.0,1768.0,1491.0,3059.0,-0.005112474437627812,,0.10067873303167421
torch.Tensor.sin_,,,1638.0,85.0,1630.0,1660.0,6371.0,7382.0,-0.004884004884004884,,-0.018072289156626505
torch.Tensor.log1p,,,1044.0,142.0,1039.0,1080.0,3670.0,3942.0,-0.004789272030651341,,-0.03796296296296296
torch.Tensor.bitwise_not_,,,1675.0,88.0,1667.0,1582.0,4895.0,6142.0,-0.004776119402985075,,0.053729456384323644
torch.Tensor.neg,,,1066.0,153.0,1061.0,1064.0,3472.0,4419.0,-0.004690431519699813,,-0.002819548872180451
torch.full_like,,,1821.0,136.0,1815.0,1812.0,1820.0,4351.0,-0.0032948929159802307,,0.0016556291390728477
torch.Tensor.abs_,,,1582.0,132.0,1577.0,1641.0,3527.0,3602.0,-0.0031605562579013905,,-0.039000609384521635
torch.Tensor.unfold,,,1981.0,287.0,1975.0,1851.0,1498.0,2588.0,-0.003028773346794548,,0.06699081577525662
torch.bmm,,,2103.0,97.0,2097.0,2139.0,1098.0,764.0,-0.0028530670470756064,,-0.019635343618513323
torch.prod,,,1892.0,128.0,1887.0,2221.0,1084.0,3067.0,-0.002642706131078224,,-0.15038271049076993
torch.resolve_conj,,,1666.0,92.0,1662.0,1639.0,3196.0,3329.0,-0.0024009603841536613,,0.014032946918852958
torch.Tensor.ge,,,1545.0,118.0,1543.0,1624.0,865.0,1819.0,-0.0012944983818770227,,-0.049876847290640396
torch.Tensor.tan,,,1039.0,88.0,1038.0,1071.0,3623.0,4478.0,-0.0009624639076034649,,-0.03081232492997199
torch.Tensor.log1p_,,,1647.0,76.0,1646.0,1674.0,3645.0,3900.0,-0.0006071645415907711,,-0.016726403823178016
torch.Tensor.neg_,,,1691.0,80.0,1690.0,1630.0,3262.0,4111.0,-0.0005913660555884093,,0.03680981595092025
torch.sin,993.0,30734.0,825.0,90.0,,,,,0.0,0.0,0.0
torch.hstack,,,914.0,69.0,-35809.0,,0.0,,0.0,,0.0
torch.histogramdd,,,2395.0,97.0,-35809.0,,0.0,,0.0,,0.0
torch._C._linalg.linalg_qr,,,651.0,72.0,-35809.0,-35809.0,0.0,0.0,0.0,,0.0
torch._C._special.special_laguerre_polynomial_l,,,2078.0,93.0,-35809.0,2273.0,0.0,95.0,0.0,,0.0
torch._C._fft.fft_irfftn,,,1963.0,111.0,-35809.0,,2.0,,0.0,,0.0
torch.column_stack,,,2330.0,99.0,-35809.0,-35809.0,0.0,0.0,0.0,,0.0
torch.unflatten,,,1960.0,176.0,-35809.0,1812.0,0.0,119.0,0.0,,0.0
torch.select_scatter,,,2118.0,90.0,-35809.0,1877.0,0.0,60.0,0.0,,0.0
torch.cat,1798.0,512.0,1656.0,93.0,-35809.0,,0.0,,0.0,0.0,0.0
torch.cosine_embedding_loss,,,920.0,73.0,-35809.0,2120.0,0.0,13.0,0.0,,0.0
torch.broadcast_tensors,,,1786.0,126.0,-35809.0,,0.0,,0.0,,0.0
torch.block_diag,,,2189.0,104.0,-35809.0,-35809.0,0.0,0.0,0.0,,0.0
torch.Tensor.new_full,,,2032.0,132.0,-35809.0,-35809.0,0.0,0.0,0.0,,0.0
torch._C._special.special_chebyshev_polynomial_u,,,2028.0,95.0,-35809.0,2166.0,0.0,113.0,0.0,,0.0
torch.cholesky_inverse,,,889.0,72.0,-35809.0,,0.0,,0.0,,0.0
torch.cartesian_prod,,,2401.0,110.0,-35809.0,-35809.0,0.0,0.0,0.0,,0.0
torch._C._nn.pad_sequence,,,811.0,84.0,-35809.0,-35809.0,0.0,0.0,0.0,,0.0
torch.geqrf,,,681.0,79.0,-35809.0,-35809.0,0.0,0.0,0.0,,0.0
torch._C._linalg.linalg_eig,,,902.0,70.0,-35809.0,,0.0,,0.0,,0.0
torch._C._linalg.linalg_eigvals,,,896.0,70.0,-35809.0,,0.0,,0.0,,0.0
torch.gcd,,,2142.0,127.0,2142.0,2211.0,181.0,1041.0,0.0,,-0.031207598371777476
torch.logsumexp,,,2006.0,217.0,-35809.0,,0.0,,0.0,,0.0
torch._C._special.special_hermite_polynomial_he,,,2041.0,95.0,-35809.0,1945.0,0.0,3.0,0.0,,0.0
torch._C._special.special_hermite_polynomial_h,,,2152.0,89.0,-35809.0,-35809.0,0.0,0.0,0.0,,0.0
torch.dstack,,,2300.0,136.0,-35809.0,,0.0,,0.0,,0.0
torch._C._linalg.linalg_solve_triangular,,,883.0,76.0,-35809.0,-35809.0,0.0,0.0,0.0,,0.0
torch.nn.functional.pad,2008.0,419.0,,,,,,,0.0,0.0,0.0
torch._C._linalg.linalg_lstsq,,,926.0,80.0,-35809.0,,0.0,,0.0,,0.0
torch._C._nn.flatten_dense_tensors,,,2268.0,86.0,-35809.0,,0.0,,0.0,,0.0
torch.stack,,,2356.0,785.0,-35809.0,-35809.0,0.0,0.0,0.0,,0.0
torch._C._special.special_chebyshev_polynomial_t,,,2094.0,94.0,-35809.0,2195.0,0.0,125.0,0.0,,0.0
torch.qr,,,910.0,79.0,-35809.0,,0.0,,0.0,,0.0
torch.Tensor.bitwise_or,,,2149.0,112.0,2150.0,2167.0,1925.0,2467.0,0.00046533271288971617,,-0.007844946931241348
torch.nn.functional.adaptive_avg_pool2d,,,1810.0,121.0,1811.0,1851.0,3214.0,163.0,0.0005524861878453039,,-0.021609940572663425
torch.Tensor.ceil_,,,1656.0,92.0,1658.0,1679.0,2780.0,3292.0,0.0012077294685990338,,-0.012507444907683145
torch.Tensor.bitwise_xor,,,1992.0,113.0,1995.0,2122.0,518.0,2038.0,0.0015060240963855422,,-0.05984919886899152
torch.view_as_real,,,1579.0,229.0,1583.0,1696.0,3051.0,2987.0,0.00253324889170361,,-0.06662735849056604
torch.Tensor.addcmul_,,,2312.0,112.0,2319.0,2380.0,579.0,353.0,0.003027681660899654,,-0.025630252100840335
torch.Tensor.masked_fill,,,2222.0,95.0,2235.0,2205.0,47.0,564.0,0.0058505850585058505,,0.013605442176870748
torch.Tensor.argsort,,,1839.0,88.0,1851.0,1382.0,2413.0,5032.0,0.0065252854812398045,,0.3393632416787265
torch.kthvalue,,,1848.0,96.0,1863.0,1829.0,912.0,2972.0,0.008116883116883116,,0.018589393110989613
torch.logical_or,2104.0,13142.0,2124.0,132.0,2144.0,2317.0,725.0,1915.0,0.009416195856873822,0.019011406844106463,-0.07466551575312905
torch.nn.functional.rrelu,,,1788.0,96.0,1807.0,1785.0,6138.0,6646.0,0.010626398210290829,,0.012324929971988795
torch.nextafter,,,2174.0,125.0,2199.0,2242.0,1754.0,2267.0,0.011499540018399264,,-0.0191793041926851
torch.Tensor.as_strided,,,1987.0,106.0,2011.0,2012.0,1000.0,943.0,0.012078510317060896,,-0.0004970178926441351
torch.mode,,,1805.0,83.0,1828.0,,709.0,,0.012742382271468145,,0.0
torch.Tensor.addcdiv_,,,2393.0,106.0,2428.0,2369.0,169.0,326.0,0.014625992478061012,,0.024905023216547067
torch.Tensor.swapaxes_,,,1791.0,71.0,1818.0,1788.0,1192.0,1457.0,0.01507537688442211,,0.016778523489932886
torch.clamp_max,,,2233.0,141.0,2267.0,2198.0,714.0,959.0,0.01522615315718764,,0.03139217470427662
torch.nn.functional.log_softmax,,,1749.0,303.0,1776.0,,5275.0,,0.015437392795883362,,0.0
torch.unsqueeze,,,1142.0,208.0,1160.0,1171.0,2634.0,2611.0,0.01576182136602452,,-0.009393680614859094
torch.cumulative_trapezoid,,,2272.0,125.0,2310.0,2313.0,2064.0,3622.0,0.016725352112676055,,-0.0012970168612191958
torch.Tensor.isinf,,,1665.0,99.0,1693.0,1701.0,3973.0,3970.0,0.016816816816816817,,-0.004703115814226925
torch.nn.functional.poisson_nll_loss,,,2196.0,131.0,2233.0,2206.0,2697.0,2900.0,0.016848816029143898,,0.012239347234814143
torch.Tensor.cumsum_,,,1779.0,111.0,1809.0,1808.0,3484.0,2111.0,0.016863406408094434,,0.0005530973451327434
torch.logical_xor,2108.0,13203.0,2139.0,133.0,2176.0,2305.0,877.0,2197.0,0.01729780271154745,0.03225806451612903,-0.05596529284164859
torch.sigmoid_,,,1591.0,93.0,1619.0,1523.0,5217.0,5554.0,0.01759899434318039,,0.06303348653972422
torch.isreal,,,1643.0,206.0,1672.0,1693.0,3919.0,4737.0,0.017650639074863056,,-0.012404016538688719
torch.nn.functional.margin_ranking_loss,,,2151.0,132.0,2191.0,2057.0,3452.0,3625.0,0.018596001859600187,,0.06514341273699563
torch.Tensor.ne,,,1462.0,109.0,1490.0,1638.0,753.0,2118.0,0.019151846785225718,,-0.09035409035409035
torch.Tensor.__or__,,,1508.0,174.0,1537.0,1601.0,377.0,880.0,0.019230769230769232,,-0.03997501561524047
torch.Tensor.softmax,,,1767.0,97.0,1804.0,,3439.0,,0.020939445387662705,,0.0
torch.Tensor.clamp_,,,1752.0,126.0,1791.0,1782.0,2247.0,2720.0,0.02226027397260274,,0.005050505050505051
torch.nn.functional.adaptive_avg_pool3d,,,1790.0,107.0,1831.0,1759.0,2958.0,3582.0,0.022905027932960894,,0.04093234792495736
torch.Tensor.round_,,,1648.0,87.0,1686.0,1674.0,3455.0,4366.0,0.023058252427184466,,0.007168458781362007
torch.Tensor.unsqueeze_,,,1791.0,128.0,1833.0,1821.0,38.0,52.0,0.023450586264656615,,0.006589785831960461
torch.heaviside,,,2152.0,128.0,2203.0,2115.0,465.0,2056.0,0.023698884758364312,,0.04160756501182033
torch.rsub,,,2361.0,129.0,2417.0,1784.0,1826.0,3191.0,0.023718763235916984,,0.3548206278026906
torch.gradient,,,1993.0,100.0,2041.0,1886.0,879.0,2119.0,0.02408429503261415,,0.08218451749734888
torch.nn.functional.soft_margin_loss,,,2126.0,86.0,2178.0,2146.0,172.0,54.0,0.024459078080903106,,0.014911463187325256
torch.Tensor.__xor__,,,1443.0,105.0,1479.0,1579.0,262.0,1161.0,0.02494802494802495,,-0.06333122229259025
torch.Tensor.log,,,1027.0,203.0,1053.0,1082.0,3624.0,3884.0,0.02531645569620253,,-0.026802218114602587
torch.copysign,,,2182.0,129.0,2238.0,2365.0,1202.0,1352.0,0.025664527956003668,,-0.05369978858350952
torch.Tensor.clamp_min_,,,1729.0,96.0,1776.0,1698.0,3800.0,3552.0,0.027183342972816656,,0.045936395759717315
torch.nanmedian,,,1872.0,129.0,1924.0,1588.0,1436.0,6655.0,0.027777777777777776,,0.21158690176322417
torch.count_nonzero,,,1823.0,174.0,1874.0,1854.0,2114.0,4438.0,0.027975863960504662,,0.010787486515641856
torch.repeat_interleave,,,1852.0,184.0,1904.0,,77.0,,0.028077753779697623,,0.0
torch._C._nn.l1_loss,,,2121.0,94.0,2181.0,2347.0,896.0,4330.0,0.028288543140028287,,-0.07072858968896463
torch.median,,,1841.0,104.0,1895.0,1888.0,1684.0,6592.0,0.02933188484519283,,0.003707627118644068
torch.ravel,,,1716.0,98.0,1768.0,1735.0,1798.0,1799.0,0.030303030303030304,,0.019020172910662825
torch.outer,,,2210.0,105.0,2279.0,2128.0,68.0,83.0,0.031221719457013575,,0.07095864661654136
torch.Tensor.exp,,,1051.0,131.0,1084.0,1087.0,4452.0,3822.0,0.03139866793529972,,-0.0027598896044158236
torch.Tensor.mul_,,,2268.0,290.0,2340.0,2356.0,1797.0,3582.0,0.031746031746031744,,-0.006791171477079796
torch.nn.functional.relu,,,1716.0,195.0,1772.0,1760.0,3880.0,4208.0,0.03263403263403263,,0.006818181818181818
torch.Tensor.add,,,1495.0,126.0,1545.0,1815.0,766.0,2251.0,0.033444816053511704,,-0.1487603305785124
torch.bucketize,,,2155.0,115.0,2229.0,2237.0,749.0,1274.0,0.03433874709976798,,-0.003576218149307108
torch.Tensor.sign,,,1643.0,109.0,1700.0,1677.0,3775.0,4234.0,0.03469263542300669,,0.013714967203339297
torch._C._linalg.linalg_svd,,,1778.0,89.0,1840.0,,179.0,,0.03487064116985377,,0.0
torch._C._fft.fft_ifft,,,1885.0,85.0,1953.0,,525.0,,0.03607427055702918,,0.0
torch.Tensor.clamp_min,,,1670.0,140.0,1731.0,1711.0,4131.0,3588.0,0.03652694610778443,,0.011689070718877849
torch.Tensor.floor,,,1018.0,211.0,1056.0,962.0,4499.0,4032.0,0.03732809430255403,,0.09771309771309772
torch.Tensor.cos,,,1015.0,138.0,1053.0,992.0,4176.0,3593.0,0.0374384236453202,,0.06149193548387097
torch.diagonal_copy,,,1794.0,140.0,1863.0,1794.0,1083.0,182.0,0.038461538461538464,,0.038461538461538464
torch.logaddexp2,,,2038.0,103.0,2119.0,2079.0,1612.0,537.0,0.03974484789008832,,0.01924001924001924
torch.nn.functional.tanhshrink,,,1123.0,237.0,1168.0,1177.0,3703.0,3678.0,0.04007123775601069,,-0.0076465590484282074
torch._C._fft.fft_fftshift,,,1839.0,133.0,1913.0,,1476.0,,0.04023926046764546,,0.0
torch.min,1594.0,10757.0,2270.0,162.0,2363.0,2405.0,331.0,2170.0,0.040969162995594714,0.48243412797992474,-0.017463617463617465
torch.margin_ranking_loss,,,2242.0,94.0,2335.0,2377.0,1284.0,1425.0,0.041480820695807316,,-0.01766933108960875
torch.zeros_like,,,1708.0,505.0,1779.0,1794.0,1750.0,3282.0,0.04156908665105386,,-0.008361204013377926
torch.Tensor.sigmoid_,,,1584.0,94.0,1650.0,1565.0,926.0,1140.0,0.041666666666666664,,0.054313099041533544
torch.broadcast_to,,,1834.0,91.0,1912.0,1932.0,2761.0,2931.0,0.04252998909487459,,-0.010351966873706004
torch.Tensor.sigmoid,,,1028.0,89.0,1073.0,971.0,3748.0,4521.0,0.04377431906614786,,0.10504634397528322
torch.nn.functional.kl_div,,,2072.0,101.0,2163.0,2286.0,2755.0,1742.0,0.04391891891891892,,-0.05380577427821522
torch.Tensor.float_power,,,2137.0,96.0,2231.0,2117.0,2655.0,3887.0,0.04398689751988769,,0.0538497874350496
torch.clamp_,,,2216.0,75.0,2314.0,,1301.0,,0.04422382671480144,,0.0
torch.Tensor.log2,,,1007.0,81.0,1053.0,980.0,3652.0,4022.0,0.04568023833167825,,0.07448979591836735
torch.bitwise_xor,,,2166.0,132.0,2265.0,2280.0,1102.0,4135.0,0.045706371191135735,,-0.006578947368421052
torch.argmax,,,1836.0,201.0,1922.0,1701.0,1746.0,1022.0,0.046840958605664486,,0.12992357436801882
torch.Tensor.logical_or_,,,2030.0,103.0,2127.0,2195.0,839.0,342.0,0.047783251231527095,,-0.030979498861047835
torch.Tensor.xlogy_,,,2239.0,111.0,2347.0,2345.0,1404.0,1922.0,0.0482358195623046,,0.0008528784648187633
torch.aminmax,,,1759.0,98.0,1846.0,,1441.0,,0.04945992040932348,,0.0
torch.Tensor.addcmul,,,1477.0,118.0,1553.0,1488.0,1120.0,1014.0,0.05145565335138795,,0.043682795698924734
torch.Tensor.cosh,,,1027.0,138.0,1080.0,1082.0,4239.0,3724.0,0.05160662122687439,,-0.0018484288354898336
torch.Tensor.rsqrt,,,1027.0,89.0,1080.0,1087.0,3833.0,4385.0,0.05160662122687439,,-0.006439742410303588
torch.Tensor.atan,,,1007.0,81.0,1063.0,1059.0,2753.0,3248.0,0.05561072492552135,,0.003777148253068933
torch.where,1656.0,1594.0,1720.0,130.0,1816.0,1815.0,110.0,482.0,0.05581395348837209,0.0966183574879227,0.0005509641873278236
torch.Tensor.atan2_,,,2182.0,111.0,2307.0,2451.0,555.0,639.0,0.05728689275893675,,-0.0587515299877601
torch.trapz,,,2186.0,82.0,2315.0,2375.0,3119.0,2948.0,0.05901189387008234,,-0.02526315789473684
torch.lcm,,,2159.0,136.0,2290.0,2275.0,754.0,1611.0,0.06067623899953682,,0.006593406593406593
torch.xlogy,,,2232.0,179.0,2368.0,2271.0,1026.0,959.0,0.06093189964157706,,0.04271246147071774
torch.Tensor.logical_xor,,,2085.0,85.0,2215.0,2228.0,1789.0,1958.0,0.06235011990407674,,-0.0058348294434470375
torch._C._nn.huber_loss,,,2103.0,96.0,2236.0,2085.0,489.0,107.0,0.06324298621017593,,0.0724220623501199
torch.pow,-35809.0,0.0,2385.0,188.0,2537.0,1753.0,1568.0,3528.0,0.06373165618448637,0.0,0.4472333143183115
torch.logical_and,2109.0,14112.0,2147.0,142.0,2289.0,2296.0,2036.0,2075.0,0.06613879832324174,0.08534850640113797,-0.003048780487804878
torch.Tensor.gt,,,1519.0,107.0,1622.0,1635.0,1792.0,1887.0,0.06780776826859776,,-0.007951070336391437
torch.binary_cross_entropy_with_logits,,,2216.0,90.0,2367.0,2152.0,330.0,683.0,0.06814079422382671,,0.09990706319702602
torch.bitwise_or,,,2132.0,107.0,2278.0,2309.0,965.0,2845.0,0.06848030018761726,,-0.013425725422260719
torch.max,1587.0,11073.0,2265.0,151.0,2424.0,2286.0,357.0,991.0,0.07019867549668875,0.5274102079395085,0.06036745406824147
torch._C._special.special_zeta,,,2109.0,96.0,2258.0,2184.0,21.0,108.0,0.07064959696538643,,0.03388278388278388
torch.minimum,,,2188.0,135.0,2346.0,2101.0,1552.0,490.0,0.07221206581352833,,0.11661113755354593
torch._C._fft.fft_fft2,,,1996.0,89.0,2143.0,,61.0,,0.07364729458917836,,0.0
torch.histc,,,1888.0,123.0,2029.0,1710.0,3493.0,6817.0,0.0746822033898305,,0.1865497076023392
torch.bitwise_right_shift,,,2071.0,129.0,2227.0,2229.0,1099.0,2092.0,0.07532592950265572,,-0.0008972633467922835
torch.Tensor.erf_,,,1554.0,82.0,1672.0,1664.0,4315.0,3759.0,0.07593307593307594,,0.004807692307692308
torch.clamp_min_,,,2116.0,94.0,2277.0,1718.0,2340.0,4605.0,0.07608695652173914,,0.32537834691501744
torch.floor_divide,,,2073.0,588.0,2231.0,2376.0,1119.0,1939.0,0.07621804148576941,,-0.06102693602693603
torch._C._fft.fft_fftn,,,1947.0,90.0,2098.0,2371.0,1.0,81.0,0.07755521314843349,,-0.11514129059468578
torch._C._linalg.linalg_vector_norm,,,1976.0,201.0,2130.0,2136.0,1933.0,2157.0,0.07793522267206478,,-0.0028089887640449437
torch.native_layer_norm,,,1956.0,123.0,2110.0,,70.0,,0.0787321063394683,,0.0
torch.kron,,,2130.0,89.0,2300.0,2088.0,15.0,1264.0,0.07981220657276995,,0.10153256704980843
torch.Tensor.addmm_,,,2178.0,85.0,2352.0,2358.0,91.0,61.0,0.07988980716253444,,-0.002544529262086514
torch.Tensor.logical_or,,,2054.0,103.0,2219.0,2230.0,1643.0,1959.0,0.08033106134371958,,-0.004932735426008968
torch._C._special.special_xlog1py,,,2069.0,94.0,2238.0,2373.0,1483.0,2471.0,0.08168197196713388,,-0.056890012642225034
torch.bitwise_left_shift,,,2082.0,127.0,2258.0,2311.0,573.0,3433.0,0.0845341018251681,,-0.02293379489398529
torch.Tensor.div,,,1646.0,128.0,1787.0,1907.0,1533.0,1423.0,0.08566221142162819,,-0.06292606187729417
torch.Tensor.acos,,,996.0,104.0,1085.0,1058.0,3338.0,3171.0,0.0893574297188755,,0.02551984877126654
torch.amax,,,1917.0,160.0,2092.0,,2051.0,,0.0912884715701617,,0.0
torch.Tensor.atan2,,,1522.0,112.0,1667.0,1660.0,1298.0,2161.0,0.09526938239159001,,0.004216867469879518
torch.diff,,,2205.0,97.0,2416.0,2189.0,651.0,1528.0,0.09569160997732426,,0.10370031978072179
torch.fmax,,,2063.0,130.0,2262.0,2320.0,592.0,1876.0,0.09646146388754241,,-0.025
torch.bitwise_and,,,2105.0,138.0,2311.0,2270.0,2098.0,3434.0,0.09786223277909739,,0.018061674008810574
torch.cosine_similarity,,,2218.0,121.0,2444.0,2345.0,472.0,1034.0,0.1018935978358882,,0.04221748400852878
torch.div,1628.0,17770.0,2436.0,215.0,2687.0,2496.0,837.0,2060.0,0.10303776683087028,0.6504914004914005,0.0765224358974359
torch.isin,,,2438.0,109.0,2691.0,2660.0,476.0,583.0,0.10377358490566038,,0.011654135338345865
torch.Tensor.div_,,,2148.0,210.0,2378.0,2361.0,4205.0,3689.0,0.10707635009310987,,0.007200338839474798
torch.tanh_,,,1466.0,94.0,1623.0,1674.0,5395.0,5325.0,0.10709413369713507,,-0.03046594982078853
torch.logit,,,1846.0,123.0,2045.0,2096.0,2382.0,2934.0,0.10780065005417118,,-0.02433206106870229
torch.cholesky,,,1802.0,131.0,1998.0,,226.0,,0.10876803551609324,,0.0
torch.cov,,,1947.0,91.0,2159.0,,1636.0,,0.10888546481766821,,0.0
torch.Tensor.add_,,,2115.0,178.0,2349.0,2465.0,1297.0,720.0,0.11063829787234042,,-0.047058823529411764
torch.Tensor.asin,,,958.0,124.0,1065.0,1079.0,2686.0,3448.0,0.11169102296450939,,-0.012974976830398516
torch.clamp,,,2305.0,151.0,2571.0,,1379.0,,0.11540130151843818,,0.0
torch.igamma,,,2158.0,147.0,2408.0,2217.0,989.0,3949.0,0.11584800741427248,,0.08615245827695084
torch.clamp_max_,,,1965.0,85.0,2195.0,2181.0,1243.0,1701.0,0.11704834605597965,,0.006419073819348923
torch.addr,,,2149.0,99.0,2405.0,2160.0,180.0,165.0,0.11912517449976734,,0.11342592592592593
torch.quantile,,,2172.0,160.0,2431.0,,632.0,,0.11924493554327809,,0.0
torch.log_softmax,,,1873.0,139.0,2098.0,2069.0,1007.0,1729.0,0.1201281366791244,,0.01401643305944901
torch.hypot,,,2086.0,132.0,2337.0,2181.0,1011.0,2066.0,0.12032598274209012,,0.07152682255845942
torch.Tensor.lgamma,,,956.0,84.0,1072.0,1064.0,3802.0,3727.0,0.12133891213389121,,0.007518796992481203
torch.Tensor.ge_,,,1557.0,84.0,1754.0,1767.0,3875.0,3853.0,0.12652536929993577,,-0.007357102433503113
torch.Tensor.hardshrink,,,896.0,109.0,1011.0,1095.0,6793.0,6816.0,0.12834821428571427,,-0.07671232876712329
torch.remainder,,,2149.0,138.0,2436.0,2364.0,791.0,2165.0,0.13355048859934854,,0.030456852791878174
torch._C._nn.upsample_linear1d,,,1898.0,84.0,2153.0,2176.0,1870.0,2816.0,0.13435194942044257,,-0.010569852941176471
torch.nanquantile,,,2172.0,198.0,2465.0,2209.0,649.0,90.0,0.13489871086556168,,0.11588954277953825
torch.nanmean,,,1908.0,180.0,2171.0,2251.0,1745.0,1433.0,0.13784067085953877,,-0.03553976010661928
torch._C._fft.fft_irfft,,,1930.0,113.0,2198.0,,572.0,,0.138860103626943,,0.0
torch._C._nn.mse_loss,,,2131.0,84.0,2433.0,,99.0,,0.14171750351947443,,0.0
torch._C._nn.upsample_nearest1d,,,1944.0,85.0,2221.0,1739.0,1693.0,168.0,0.14248971193415638,,0.27717078780908566
torch.Tensor.__ixor__,,,2089.0,111.0,2387.0,2314.0,739.0,3228.0,0.14265198659645764,,0.031547104580812446
torch._C._nn.upsample_bilinear2d,,,1977.0,94.0,2261.0,1766.0,1735.0,1558.0,0.14365199797673242,,0.28029445073612685
torch._C._linalg.linalg_cholesky,,,1758.0,156.0,2012.0,,28.0,,0.14448236632536973,,0.0
torch.nn.functional.normalize,,,2162.0,132.0,2483.0,,951.0,,0.1484736355226642,,0.0
torch.Tensor.matmul,,,1604.0,165.0,1847.0,1818.0,1418.0,973.0,0.15149625935162095,,0.01595159515951595
torch.bitwise_not,,,1733.0,180.0,2000.0,1928.0,2998.0,4261.0,0.15406809001731103,,0.03734439834024896
torch.mvlgamma,,,1895.0,192.0,2189.0,2225.0,1835.0,1642.0,0.15514511873350922,,-0.016179775280898877
torch.renorm,,,1907.0,92.0,2203.0,,1419.0,,0.15521761929732564,,0.0
torch._C._linalg.linalg_matrix_power,,,2147.0,120.0,2483.0,2433.0,674.0,1328.0,0.15649743828598045,,0.02055076037813399
torch.nansum,,,1908.0,196.0,2211.0,2242.0,2000.0,2537.0,0.15880503144654087,,-0.013826940231935772
torch.i0,,,1754.0,135.0,2036.0,2060.0,2243.0,2704.0,0.16077537058152794,,-0.011650485436893204
torch.nan_to_num,,,1842.0,185.0,2139.0,2145.0,1145.0,1500.0,0.16123778501628663,,-0.002797202797202797
torch.Tensor.lt,,,1403.0,136.0,1634.0,1634.0,1736.0,1992.0,0.1646471846044191,,0.0
torch.logcumsumexp,,,1790.0,85.0,2085.0,2114.0,667.0,2342.0,0.164804469273743,,-0.013718070009460738
torch.triu,,,1730.0,150.0,2023.0,2045.0,1188.0,1047.0,0.16936416184971098,,-0.010757946210268949
torch.Tensor.cos_,,,1426.0,112.0,1670.0,1552.0,3870.0,3506.0,0.17110799438990182,,0.07603092783505154
torch.asinh,,,1764.0,139.0,2075.0,2037.0,2265.0,2729.0,0.17630385487528344,,0.018654884634266077
torch.sum,,,1928.0,171.0,2270.0,2249.0,245.0,2573.0,0.17738589211618258,,0.009337483325922631
torch._C._fft.fft_hfft,,,2006.0,123.0,2362.0,,386.0,,0.17746759720837488,,0.0
torch._C._fft.fft_rfft,,,1934.0,97.0,2279.0,,412.0,,0.17838676318510857,,0.0
torch.amin,,,1909.0,199.0,2250.0,,1119.0,,0.17862755369303301,,0.0
torch.logical_not,,,1703.0,191.0,2009.0,2079.0,2462.0,3267.0,0.17968291250733998,,-0.03367003367003367
torch._C._nn.softshrink,,,1764.0,133.0,2081.0,1729.0,3551.0,999.0,0.17970521541950113,,0.20358588779641412
torch.mean,,,1976.0,322.0,2335.0,2274.0,307.0,2422.0,0.18168016194331985,,0.026824978012313105
torch.tril,,,1706.0,156.0,2023.0,2092.0,1022.0,962.0,0.1858147713950762,,-0.032982791586998086
torch.std,,,1961.0,131.0,2326.0,2338.0,129.0,2507.0,0.18612952575216726,,-0.0051325919589392645
torch.isneginf,,,1695.0,202.0,2011.0,1979.0,2127.0,2522.0,0.1864306784660767,,0.01616978271854472
torch._C._special.special_ndtri,,,1730.0,85.0,2053.0,2104.0,1645.0,3335.0,0.18670520231213872,,-0.02423954372623574
torch._C._linalg.linalg_matrix_norm,,,2015.0,88.0,2392.0,2173.0,300.0,92.0,0.1870967741935484,,0.10078232857800276
torch.sinc,,,1757.0,135.0,2088.0,2094.0,1219.0,2100.0,0.18838929994308481,,-0.0028653295128939827
torch.cumprod,,,1831.0,137.0,2180.0,2011.0,661.0,2024.0,0.19060622610595304,,0.08403779214321233
torch._C._special.special_modified_bessel_i1,,,1689.0,96.0,2011.0,1996.0,1308.0,2711.0,0.1906453522794553,,0.00751503006012024
torch.square,,,1756.0,136.0,2091.0,2107.0,1049.0,1990.0,0.1907744874715262,,-0.007593735168485999
torch.argmin,,,1823.0,182.0,2172.0,,1145.0,,0.19144267690619857,,0.0
torch.exp2,,,1744.0,125.0,2083.0,2036.0,2368.0,2898.0,0.19438073394495411,,0.023084479371316306
torch.isposinf,,,1712.0,178.0,2050.0,2063.0,669.0,820.0,0.19742990654205608,,-0.006301502666020358
torch._C._fft.fft_hfftn,,,1869.0,92.0,2242.0,1889.0,8.0,2.0,0.19957196361690743,,0.1868713605082054
torch.digamma,,,1746.0,132.0,2095.0,2021.0,1090.0,2684.0,0.19988545246277206,,0.03661553686293914
torch.softmax,,,1798.0,168.0,2160.0,1790.0,1869.0,3778.0,0.20133481646273638,,0.20670391061452514
torch.atanh,,,1745.0,112.0,2097.0,2065.0,2423.0,1652.0,0.2017191977077364,,0.01549636803874092
torch.any,,,1809.0,187.0,2175.0,2062.0,1156.0,211.0,0.2023217247097844,,0.0548011639185257
torch.trapezoid,,,1952.0,136.0,2349.0,2349.0,1634.0,1741.0,0.2033811475409836,,0.0
torch._C._fft.fft_ifft2,,,2008.0,86.0,2417.0,2406.0,13.0,44.0,0.20368525896414344,,0.00457190357439734
torch.angle,,,1737.0,123.0,2091.0,2064.0,2758.0,3173.0,0.20379965457685664,,0.01308139534883721
torch.deg2rad,,,1742.0,123.0,2102.0,2076.0,1176.0,1563.0,0.2066590126291619,,0.012524084778420038
torch.nn.functional.triplet_margin_loss,,,1863.0,96.0,2250.0,2143.0,2727.0,3060.0,0.20772946859903382,,0.049930004666355575
torch._C._special.special_log_ndtr,,,1727.0,80.0,2088.0,2051.0,2645.0,3068.0,0.20903300521134915,,0.01803998049731838
torch.all,,,1805.0,196.0,2183.0,2168.0,925.0,1294.0,0.20941828254847644,,0.006918819188191882
torch.erfinv,,,1742.0,129.0,2107.0,2066.0,1258.0,3179.0,0.2095292766934558,,0.01984511132623427
torch.Tensor.__iand__,,,1727.0,109.0,2093.0,2092.0,2271.0,199.0,0.2119281991893457,,0.0004780114722753346
torch._C._special.special_erfcx,,,1722.0,97.0,2087.0,2070.0,2569.0,1519.0,0.21196283391405343,,0.00821256038647343
torch._C._special.special_bessel_y0,,,1721.0,95.0,2087.0,2034.0,1259.0,1463.0,0.2126670540383498,,0.026057030481809244
torch.sgn,,,1719.0,196.0,2086.0,2071.0,1127.0,2308.0,0.2134962187318208,,0.007242877836793819
torch._C._special.special_spherical_bessel_j0,,,1698.0,86.0,2065.0,2090.0,3005.0,3259.0,0.21613663133097763,,-0.011961722488038277
torch._C._linalg.linalg_norm,,,1872.0,100.0,2284.0,2066.0,460.0,869.0,0.22008547008547008,,0.10551790900290416
torch.round,986.0,32108.0,1771.0,188.0,2164.0,1948.0,1300.0,1356.0,0.22190852625635235,1.1947261663286004,0.11088295687885011
torch._C._special.special_bessel_j0,,,1730.0,93.0,2115.0,2087.0,1066.0,1543.0,0.22254335260115607,,0.013416387158600862
torch.cumsum,,,1768.0,138.0,2165.0,2062.0,793.0,2087.0,0.2245475113122172,,0.04995150339476237
torch.sign,,,1706.0,191.0,2090.0,2097.0,1129.0,2415.0,0.2250879249706917,,-0.0033381020505484026
torch.Tensor.expm1,,,883.0,84.0,1082.0,1073.0,4387.0,3881.0,0.22536806342015855,,0.008387698042870456
torch.acosh,,,1751.0,125.0,2149.0,2072.0,1135.0,2769.0,0.22729868646487722,,0.037162162162162164
torch._C._special.special_scaled_modified_bessel_k0,,,1678.0,92.0,2064.0,2048.0,1574.0,2812.0,0.2300357568533969,,0.0078125
torch._C._special.special_i1e,,,1717.0,92.0,2113.0,2065.0,1068.0,2894.0,0.23063482818870124,,0.02324455205811138
torch.float_power,,,1936.0,139.0,2388.0,2103.0,789.0,112.0,0.2334710743801653,,0.1355206847360913
torch._C._special.special_entr,,,1720.0,99.0,2122.0,1970.0,2943.0,2751.0,0.23372093023255813,,0.07715736040609138
torch.rad2deg,,,1686.0,135.0,2082.0,2029.0,1954.0,2035.0,0.23487544483985764,,0.026121241991128634
torch._C._special.special_modified_bessel_k1,,,1735.0,98.0,2143.0,1965.0,1273.0,1140.0,0.23515850144092218,,0.0905852417302799
torch._C._nn.reflection_pad1d,,,1845.0,90.0,2297.0,2045.0,387.0,45.0,0.24498644986449863,,0.12322738386308069
torch._C._special.special_airy_ai,,,1717.0,95.0,2141.0,1969.0,2163.0,2905.0,0.24694234129295284,,0.08735398679532758
torch._C._special.special_bessel_j1,,,1722.0,89.0,2149.0,2101.0,902.0,2450.0,0.24796747967479674,,0.02284626368396002
torch.igammac,,,1894.0,140.0,2366.0,2217.0,1047.0,1724.0,0.249208025343189,,0.06720793865584122
torch._C._fft.fft_ifftn,,,1958.0,99.0,2446.0,,3.0,,0.24923391215526047,,0.0
torch.msort,,,1771.0,155.0,2216.0,2154.0,2098.0,2693.0,0.251270468661773,,0.028783658310120707
torch._C._special.special_i1,,,1705.0,97.0,2136.0,2080.0,1246.0,2910.0,0.2527859237536657,,0.026923076923076925
torch.add,1818.0,19312.0,1893.0,188.0,2374.0,2334.0,1315.0,594.0,0.25409403063919705,0.30583058305830585,0.01713796058269066
torch.masked_select,,,1876.0,86.0,2359.0,2378.0,94.0,284.0,0.2574626865671642,,-0.00798990748528175
torch.sub,1806.0,21756.0,1871.0,200.0,2360.0,2571.0,1131.0,1822.0,0.2613575628006414,0.3067552602436323,-0.08206923376118241
torch._C._special.special_modified_bessel_i0,,,1561.0,89.0,1980.0,2074.0,1319.0,2801.0,0.2684176809737348,,-0.04532304725168756
torch._C._linalg.linalg_pinv,,,1940.0,119.0,2464.0,2469.0,75.0,58.0,0.27010309278350514,,-0.002025111381125962
torch.conj_physical,,,1690.0,193.0,2158.0,2071.0,2381.0,3098.0,0.27692307692307694,,0.042008691453404155
torch.Tensor.ldexp,,,1660.0,78.0,2124.0,2274.0,841.0,1568.0,0.27951807228915665,,-0.06596306068601583
torch.signbit,,,1605.0,190.0,2056.0,2053.0,611.0,1896.0,0.2809968847352025,,0.0014612761811982464
torch.Tensor.logical_and,,,1634.0,154.0,2103.0,2114.0,817.0,919.0,0.28702570379436965,,-0.005203405865657522
torch.Tensor.true_divide_,,,1778.0,83.0,2305.0,2358.0,838.0,971.0,0.296400449943757,,-0.022476675148430873
torch.Tensor.__ior__,,,1623.0,103.0,2108.0,2127.0,705.0,353.0,0.2988293284041898,,-0.008932769158439116
torch.Tensor.__rshift__,,,1134.0,90.0,1477.0,1596.0,744.0,1963.0,0.30246913580246915,,-0.07456140350877193
torch.matmul,1876.0,55.0,1895.0,264.0,2472.0,2354.0,37.0,160.0,0.30448548812664905,0.31769722814498935,0.05012744265080714
torch._C._special.special_bessel_y1,,,1618.0,96.0,2116.0,1988.0,2115.0,2706.0,0.30778739184178,,0.06438631790744467
torch.nn.functional.instance_norm,,,1808.0,96.0,2374.0,,156.0,,0.31305309734513276,,0.0
torch.subtract,,,1733.0,219.0,2323.0,2430.0,1039.0,1955.0,0.3404500865551068,,-0.044032921810699586
torch.eq,1500.0,28697.0,1695.0,195.0,2286.0,2300.0,838.0,1382.0,0.3486725663716814,0.524,-0.00608695652173913
torch._C._special.special_scaled_modified_bessel_k1,,,1701.0,89.0,2304.0,2090.0,1644.0,1590.0,0.3544973544973545,,0.10239234449760766
torch.lerp,,,1690.0,133.0,2306.0,,500.0,,0.36449704142011835,,0.0
torch.Tensor.__lshift__,,,1142.0,82.0,1582.0,1579.0,777.0,3323.0,0.38528896672504376,,0.0018999366687777073
torch.addcmul,,,1734.0,112.0,2404.0,2420.0,1246.0,811.0,0.3863898500576701,,-0.006611570247933884
torch.mul,1764.0,9901.0,1831.0,201.0,2562.0,2599.0,1908.0,2465.0,0.3992353904969962,0.4523809523809524,-0.014236244709503656
torch.lt,1486.0,17877.0,1633.0,150.0,2285.0,2213.0,1052.0,2071.0,0.3992651561543172,0.5376850605652759,0.03253502033438771
torch.bernoulli,,,1741.0,88.0,2452.0,1734.0,762.0,7224.0,0.408385985066054,,0.4140715109573241
torch.true_divide,,,1669.0,185.0,2362.0,2614.0,894.0,2110.0,0.4152186938286399,,-0.09640397857689365
torch.pairwise_distance,,,1664.0,99.0,2366.0,2308.0,413.0,376.0,0.421875,,0.02512998266897747
torch.fmod,,,1643.0,145.0,2357.0,2398.0,2009.0,2593.0,0.4345709068776628,,-0.017097581317764805
torch.le,,,1567.0,122.0,2280.0,2189.0,2620.0,3524.0,0.45500957243139756,,0.041571493832800364
torch.nn.functional.threshold,,,1234.0,211.0,1852.0,1842.0,3381.0,3660.0,0.5008103727714749,,0.0054288816503800215
torch.gt,1529.0,26446.0,1569.0,142.0,2372.0,2333.0,1161.0,1977.0,0.5117909496494583,0.55134074558535,0.016716673810544362
torch.ge,,,1544.0,145.0,2360.0,2372.0,2967.0,2895.0,0.5284974093264249,,-0.00505902192242833
torch.atan2,,,1496.0,165.0,2328.0,2346.0,1634.0,1879.0,0.5561497326203209,,-0.0076726342710997444
torch.nn.functional.elu,,,1175.0,183.0,1840.0,1775.0,6372.0,7228.0,0.5659574468085107,,0.036619718309859155
torch.nn.functional.relu6,,,1132.0,149.0,1788.0,1802.0,3941.0,4260.0,0.5795053003533569,,-0.00776914539400666
torch.ne,,,1506.0,136.0,2440.0,2345.0,847.0,1885.0,0.6201859229747676,,0.04051172707889126
torch.nn.functional.leaky_relu,,,1089.0,111.0,1771.0,1815.0,6689.0,967.0,0.6262626262626263,,-0.024242424242424242
torch._C._nn.gelu,,,1170.0,89.0,1986.0,2165.0,2938.0,3694.0,0.6974358974358974,,-0.08267898383371824
torch._C._linalg.linalg_slogdet,,,926.0,78.0,1621.0,1768.0,41.0,158.0,0.7505399568034558,,-0.0831447963800905
torch.Tensor.chunk,,,1140.0,128.0,2006.0,2018.0,1365.0,1762.0,0.7596491228070176,,-0.005946481665014866
torch._C._linalg.linalg_eigvalsh,,,944.0,80.0,1674.0,-35809.0,23.0,0.0,0.7733050847457628,,0.0
torch._C._nn.softplus,,,1179.0,115.0,2112.0,2097.0,3757.0,3849.0,0.7913486005089059,,0.00715307582260372
torch._C._linalg.linalg_lu_factor,,,909.0,78.0,1649.0,1641.0,65.0,194.0,0.8140814081408141,,0.004875076173065204
torch.chunk,,,1091.0,90.0,1997.0,1971.0,4919.0,4236.0,0.8304307974335472,,0.013191273465246067
torch.log10,,,1157.0,137.0,2138.0,2109.0,1185.0,1557.0,0.8478824546240277,,0.013750592697961118
torch.Tensor.nonzero,,,910.0,79.0,1683.0,1750.0,1515.0,2218.0,0.8494505494505494,,-0.038285714285714284
torch.exp,,,1156.0,124.0,2154.0,2121.0,1197.0,2273.0,0.8633217993079585,,0.015558698727015558
torch.acos,-35809.0,0.0,1155.0,122.0,2161.0,2145.0,3391.0,2902.0,0.870995670995671,0.0,0.007459207459207459
torch.trunc,,,1129.0,169.0,2117.0,1930.0,1081.0,1117.0,0.87511071744907,,0.09689119170984456
torch.sinh,,,1144.0,122.0,2146.0,2142.0,1692.0,1683.0,0.8758741258741258,,0.0018674136321195146
torch.asin,-35809.0,0.0,1148.0,130.0,2154.0,2145.0,1302.0,2953.0,0.8763066202090593,0.0,0.004195804195804196
torch.hardshrink,,,1130.0,135.0,2126.0,1989.0,1272.0,1087.0,0.8814159292035398,,0.06887883358471594
torch.divide,,,1342.0,127.0,2526.0,2500.0,1120.0,2307.0,0.8822652757078987,,0.0104
torch._C._linalg.linalg_svdvals,,,935.0,86.0,1761.0,,192.0,,0.8834224598930481,,0.0
torch.sigmoid,,,1124.0,150.0,2123.0,2101.0,1239.0,2084.0,0.8887900355871886,,0.010471204188481676
torch.frac,,,1084.0,274.0,2048.0,1961.0,2298.0,1129.0,0.8892988929889298,,0.04436511983681795
torch.log2,-35809.0,0.0,1122.0,139.0,2121.0,2127.0,2268.0,2851.0,0.8903743315508021,0.0,-0.0028208744710860366
torch.sqrt,-35809.0,0.0,1153.0,148.0,2180.0,2122.0,1688.0,1458.0,0.8907198612315698,0.0,0.027332704995287466
torch.expm1,,,1138.0,126.0,2153.0,2152.0,1181.0,2286.0,0.8919156414762741,,0.00046468401486988845
torch.lgamma,,,1122.0,129.0,2123.0,2118.0,1129.0,2872.0,0.8921568627450981,,0.002360717658168083
torch.tanh,,,1141.0,143.0,2159.0,2112.0,1201.0,2108.0,0.8921998247151621,,0.02225378787878788
torch.narrow,,,920.0,85.0,1742.0,1913.0,1107.0,3327.0,0.8934782608695652,,-0.08938839519079979
torch.cosh,,,1111.0,131.0,2105.0,2083.0,2331.0,2805.0,0.8946894689468947,,0.01056168987037926
torch.nn.functional.max_pool2d_with_indices,,,903.0,75.0,1714.0,,101.0,,0.8981173864894795,,0.0
torch.Tensor.argwhere,,,924.0,75.0,1754.0,1751.0,1350.0,1702.0,0.8982683982683982,,0.0017133066818960593
torch.neg,1064.0,14607.0,1121.0,205.0,2138.0,2129.0,1229.0,1536.0,0.9072256913470116,1.0093984962406015,0.004227336777829967
torch.abs,1011.0,45211.0,1113.0,165.0,2127.0,2136.0,1575.0,2594.0,0.9110512129380054,1.1038575667655786,-0.004213483146067416
torch.diagflat,,,906.0,79.0,1732.0,,23.0,,0.9116997792494481,,0.0
torch.atan,1000.0,27373.0,1100.0,153.0,2122.0,2057.0,1169.0,2859.0,0.9290909090909091,1.122,0.03159941662615459
torch._C._nn.max_pool2d_with_indices,,,878.0,80.0,1697.0,,12.0,,0.9328018223234624,,0.0
torch._C._linalg.linalg_lu_factor_ex,,,805.0,80.0,1558.0,1637.0,58.0,133.0,0.9354037267080745,,-0.04825901038485034
torch.diag_embed,,,914.0,83.0,1771.0,1785.0,102.0,2288.0,0.937636761487965,,-0.00784313725490196
torch.erf,,,1137.0,141.0,2210.0,2138.0,2388.0,3097.0,0.9437115215479331,,0.03367633302151544
torch.floor,982.0,28641.0,1057.0,235.0,2058.0,2092.0,2319.0,2907.0,0.9470198675496688,1.0957230142566192,-0.016252390057361378
torch._C._nn.avg_pool3d,,,875.0,76.0,1705.0,,82.0,,0.9485714285714286,,0.0
torch.cos,989.0,28045.0,1092.0,147.0,2142.0,2132.0,2185.0,2216.0,0.9615384615384616,1.16582406471183,0.004690431519699813
torch.threshold,,,1108.0,110.0,2177.0,2161.0,2365.0,2245.0,0.9648014440433214,,0.007403979639055993
torch.erfc,,,1080.0,134.0,2148.0,2144.0,1357.0,1858.0,0.9888888888888889,,0.0018656716417910447
torch.logdet,,,887.0,69.0,1765.0,,130.0,,0.9898534385569335,,0.0
torch._C._linalg.linalg_cond,,,839.0,72.0,1672.0,1770.0,36.0,80.0,0.9928486293206198,,-0.05536723163841808
torch.Tensor.amax,,,896.0,97.0,1788.0,1761.0,2118.0,2111.0,0.9955357142857143,,0.015332197614991482
torch.tan,1001.0,31706.0,1105.0,143.0,2218.0,2093.0,913.0,1069.0,1.0072398190045249,1.2157842157842158,0.05972288580984233
torch._C._linalg.linalg_tensorinv,,,925.0,79.0,1886.0,,7.0,,1.038918918918919,,0.0
torch.ceil,980.0,27727.0,1041.0,180.0,2125.0,2125.0,1185.0,2900.0,1.0413064361191162,1.1683673469387754,0.0
torch._C._linalg.linalg_det,,,832.0,74.0,1710.0,1755.0,48.0,64.0,1.0552884615384615,,-0.02564102564102564
torch._C._linalg.linalg_lu,,,884.0,71.0,1818.0,1828.0,85.0,179.0,1.0565610859728507,,-0.005470459518599562
torch.threshold_,,,858.0,97.0,1774.0,1778.0,3180.0,2904.0,1.0675990675990676,,-0.0022497187851518562
torch.Tensor.broadcast_to,,,937.0,81.0,1962.0,1893.0,1228.0,2498.0,1.0939167556029883,,0.03645007923930269
torch.rsqrt,,,1057.0,134.0,2218.0,2140.0,800.0,1234.0,1.098391674550615,,0.03644859813084112
torch.combinations,,,923.0,77.0,1940.0,2041.0,2565.0,3163.0,1.1018418201516793,,-0.049485546300832926
torch.Tensor.unique_consecutive,,,913.0,83.0,1924.0,1858.0,1016.0,5512.0,1.1073384446878423,,0.03552206673842842
torch.vsplit,,,908.0,76.0,1915.0,1905.0,2874.0,2653.0,1.1090308370044053,,0.005249343832020997
torch.Tensor.diag,,,766.0,74.0,1637.0,-35809.0,3308.0,0.0,1.1370757180156659,,0.0
torch.Tensor.index_select,,,933.0,75.0,2002.0,,18.0,,1.1457663451232583,,0.0
torch.split_with_sizes,,,830.0,77.0,1789.0,,78.0,,1.155421686746988,,0.0
torch.nn.functional.fractional_max_pool3d_with_indices,,,961.0,79.0,2082.0,,0.0,,1.1664932362122789,,0.0
torch.hsplit,,,911.0,74.0,1984.0,1991.0,3174.0,3627.0,1.1778265642151482,,-0.0035158211953792064
torch._C._linalg.linalg_vecdot,,,964.0,79.0,2153.0,2196.0,2666.0,3357.0,1.233402489626556,,-0.019581056466302368
torch.pdist,,,719.0,73.0,1623.0,1619.0,2767.0,2617.0,1.2573018080667593,,0.0024706609017912293
torch.log,,,968.0,153.0,2186.0,2128.0,1292.0,1582.0,1.2582644628099173,,0.02725563909774436
torch.Tensor.remainder_,,,920.0,73.0,2085.0,,673.0,,1.266304347826087,,0.0
torch.diag,,,924.0,71.0,2104.0,1806.0,1665.0,2162.0,1.277056277056277,,0.16500553709856036
torch.dsplit,,,842.0,78.0,1955.0,1976.0,2573.0,1941.0,1.321852731591449,,-0.01062753036437247
torch._C._linalg.linalg_tensorsolve,,,921.0,76.0,2139.0,,8.0,,1.3224755700325732,,0.0
torch.narrow_copy,,,888.0,79.0,2063.0,2081.0,1334.0,891.0,1.3231981981981982,,-0.008649687650168188
torch.Tensor.type_as,,,710.0,85.0,1662.0,1686.0,3320.0,4157.0,1.3408450704225352,,-0.014234875444839857
torch.nn.functional.local_response_norm,,,986.0,80.0,2319.0,2355.0,3579.0,3785.0,1.3519269776876268,,-0.015286624203821656
torch._C._linalg.linalg_matrix_rank,,,932.0,77.0,2197.0,2152.0,41.0,37.0,1.3572961373390557,,0.020910780669144983
torch.split_copy,,,772.0,81.0,1821.0,1848.0,1064.0,571.0,1.3588082901554404,,-0.01461038961038961
torch.Tensor.swapdims_,,,791.0,78.0,1872.0,1793.0,4716.0,2744.0,1.3666245259165613,,0.044060234244283326
torch._C._nn.upsample_trilinear3d,,,824.0,88.0,1979.0,,137.0,,1.4016990291262137,,0.0
torch.Tensor.heaviside_,,,828.0,88.0,2038.0,2133.0,528.0,856.0,1.461352657004831,,-0.04453820909517112
torch.Tensor.scatter_reduce_,,,872.0,81.0,2201.0,,7.0,,1.5240825688073394,,0.0
torch.logaddexp,,,834.0,153.0,2115.0,1933.0,477.0,1005.0,1.5359712230215827,,0.0941541645111226
torch.triplet_margin_loss,,,889.0,75.0,2312.0,2239.0,1234.0,310.0,1.6006749156355455,,0.03260384100044663
torch._C._special.special_i0e,,,792.0,89.0,2064.0,2036.0,2473.0,2792.0,1.606060606060606,,0.0137524557956778
torch.reciprocal,,,818.0,135.0,2150.0,2112.0,2041.0,2221.0,1.628361858190709,,0.017992424242424244
torch._C._nn.log_sigmoid,,,771.0,105.0,2027.0,1992.0,4012.0,3805.0,1.62905317769131,,0.017570281124497992
torch.Tensor.float_power_,,,741.0,90.0,1949.0,1740.0,4253.0,5371.0,1.630229419703104,,0.12011494252873563
torch.diagonal,,,722.0,231.0,1914.0,1928.0,288.0,1609.0,1.6509695290858726,,-0.007261410788381743
torch._C._fft.fft_ihfft,,,728.0,98.0,2008.0,,637.0,,1.7582417582417582,,0.0
torch.Tensor.expand_as,,,784.0,122.0,2208.0,2088.0,945.0,1026.0,1.816326530612245,,0.05747126436781609
torch._C._nn.soft_margin_loss,,,800.0,80.0,2280.0,2091.0,2003.0,2246.0,1.85,,0.09038737446197992
torch._C._nn.upsample_nearest3d,,,782.0,88.0,2263.0,1796.0,467.0,4858.0,1.89386189258312,,0.26002227171492204
torch.log1p,,,751.0,123.0,2174.0,2057.0,1230.0,2734.0,1.8948069241011984,,0.056878949927078266
torch.mm,,,722.0,79.0,2154.0,-35809.0,467.0,0.0,1.9833795013850415,,0.0
torch.nn.functional.l1_loss,,,839.0,91.0,2525.0,2576.0,2526.0,2555.0,2.0095351609058403,,-0.019798136645962732
torch.clamp_min,,,746.0,151.0,2246.0,2368.0,1127.0,1803.0,2.0107238605898123,,-0.05152027027027027
torch._C._nn.smooth_l1_loss,,,826.0,83.0,2487.0,,126.0,,2.0108958837772395,,0.0
torch.nn.functional.gaussian_nll_loss,,,819.0,72.0,2499.0,,71.0,,2.051282051282051,,0.0
torch._C._special.special_modified_bessel_k0,,,693.0,92.0,2152.0,2044.0,2726.0,3063.0,2.1053391053391053,,0.05283757338551859
torch.view_copy,,,755.0,106.0,2355.0,2120.0,769.0,38.0,2.119205298013245,,0.11084905660377359
torch.matrix_exp,,,702.0,73.0,2191.0,,165.0,,2.1210826210826212,,0.0
torch.histogram,,,758.0,119.0,2415.0,,232.0,,2.1860158311345645,,0.0
torch.addcdiv,,,668.0,129.0,2167.0,2170.0,855.0,1350.0,2.2440119760479043,,-0.0013824884792626728
torch.var,,,693.0,197.0,2267.0,1988.0,108.0,1905.0,2.271284271284271,,0.1403420523138833
torch.nn.functional.smooth_l1_loss,,,716.0,86.0,2360.0,2349.0,2440.0,2488.0,2.2960893854748603,,0.004682843763303533
torch.Tensor.resolve_conj,,,496.0,298.0,1661.0,1678.0,3719.0,4378.0,2.348790322580645,,-0.010131108462455305
torch.Tensor.rot90,,,519.0,106.0,1956.0,,877.0,,2.76878612716763,,0.0
torch.Tensor.argmax,1798.0,1006.0,864.0,90.0,1780.0,1820.0,3053.0,3973.0,,-0.010011123470522803,
torch.Tensor.argmin,1801.0,1019.0,861.0,90.0,1795.0,1778.0,349.0,329.0,,-0.003331482509716824,
torch.Tensor.min,1819.0,20768.0,860.0,90.0,1611.0,1616.0,3995.0,2931.0,,-0.11434854315557999,
torch.Tensor.to,1093.0,41985.0,,,,,,,,0.0,
torch.Tensor.triu,1685.0,30.0,,,,,,,,0.0,
torch.clip,1157.0,29281.0,,,,,,,,0.0,
torch.nn.AvgPool2d,1926.0,12.0,,,,,,,,0.0,
torch.nn.BatchNorm2d,1548.0,10.0,,,,,,,,0.0,
torch.nn.Conv1d,1675.0,4.0,,,,,,,,0.0,
torch.nn.Conv2d,1717.0,8.0,,,,,,,,0.0,
torch.nn.GELU,1358.0,15542.0,,,,,,,,0.0,
torch.nn.LeakyReLU,1339.0,21769.0,,,,,,,,0.0,
torch.nn.Linear,2433.0,566.0,,,,,,,,0.0,
torch.nn.MaxPool2d,1958.0,16.0,,,,,,,,0.0,
torch.nn.PReLU,2067.0,22489.0,,,,,,,,0.0,
torch.nn.ReLU,1300.0,25645.0,,,,,,,,0.0,
torch.nn.Sigmoid,1295.0,23536.0,,,,,,,,0.0,
torch.nn.Softmax,1888.0,504.0,,,,,,,,0.0,
torch.nn.functional.interpolate,2036.0,64.0,,,,,,,,0.0,
torch.Tensor.acosh,,,894.0,68.0,1615.0,1692.0,3544.0,3631.0,,,
torch.Tensor.addbmm,,,-4461.0,72.0,-35809.0,2034.0,0.0,4.0,,,
torch.Tensor.addcdiv,,,918.0,74.0,2213.0,2307.0,2405.0,1346.0,,,
torch.Tensor.addmm,,,-4459.0,68.0,2068.0,-35809.0,11.0,0.0,,,
torch.Tensor.addmv,,,909.0,68.0,2021.0,2056.0,60.0,48.0,,,
torch.Tensor.addr,,,-4460.0,75.0,-35809.0,-35809.0,0.0,0.0,,,
torch.Tensor.amin,,,922.0,67.0,1760.0,1760.0,2120.0,2058.0,,,
torch.Tensor.aminmax,,,854.0,69.0,1789.0,1809.0,2358.0,2354.0,,,
torch.Tensor.angle,,,834.0,76.0,1696.0,1632.0,3641.0,3614.0,,,
torch.Tensor.asinh,,,919.0,79.0,1698.0,1617.0,2911.0,3526.0,,,
torch.Tensor.atanh,,,911.0,76.0,1708.0,1642.0,2957.0,3534.0,,,
torch.Tensor.bitwise_left_shift,,,929.0,75.0,2034.0,2026.0,641.0,530.0,,,
torch.Tensor.cholesky,,,900.0,76.0,1632.0,1625.0,343.0,376.0,,,
torch.Tensor.cholesky_inverse,,,881.0,75.0,-35809.0,-35809.0,0.0,0.0,,,
torch.Tensor.cholesky_solve,,,900.0,77.0,-35809.0,-35809.0,0.0,0.0,,,
torch.Tensor.conj_physical,,,909.0,74.0,1568.0,1645.0,4008.0,3667.0,,,
torch.Tensor.copysign,,,739.0,72.0,2247.0,2165.0,1901.0,1513.0,,,
torch.Tensor.corrcoef,,,877.0,73.0,1852.0,1843.0,720.0,640.0,,,
torch.Tensor.count_nonzero,,,913.0,70.0,1771.0,1913.0,3963.0,2978.0,,,
torch.Tensor.cov,,,908.0,73.0,2193.0,2184.0,2496.0,2246.0,,,
torch.Tensor.cummax,,,859.0,74.0,1752.0,1784.0,3608.0,3359.0,,,
torch.Tensor.cummin,,,903.0,68.0,1780.0,1758.0,2216.0,3140.0,,,
torch.Tensor.cumprod,,,906.0,74.0,1726.0,1711.0,4078.0,3544.0,,,
torch.Tensor.cumsum,,,923.0,66.0,1837.0,1828.0,2347.0,2187.0,,,
torch.Tensor.deg2rad,,,862.0,75.0,1702.0,1677.0,4380.0,3740.0,,,
torch.Tensor.det,,,663.0,74.0,1708.0,1730.0,137.0,67.0,,,
torch.Tensor.diag_embed,,,-4460.0,75.0,1809.0,1818.0,409.0,354.0,,,
torch.Tensor.diagflat,,,901.0,73.0,1774.0,1709.0,28.0,12.0,,,
torch.Tensor.diff,,,843.0,72.0,2225.0,2379.0,1594.0,1434.0,,,
torch.Tensor.dist,,,934.0,73.0,2134.0,2248.0,4064.0,3653.0,,,
torch.Tensor.divide,,,747.0,70.0,1922.0,1238.0,1957.0,5022.0,,,
torch.Tensor.divide_,,,863.0,71.0,2536.0,2369.0,671.0,815.0,,,
torch.Tensor.dot,,,922.0,75.0,1888.0,1847.0,4284.0,3696.0,,,
torch.Tensor.dsplit,,,874.0,71.0,1878.0,1790.0,3905.0,1766.0,,,
torch.Tensor.exp2,,,879.0,65.0,1711.0,1693.0,4317.0,3912.0,,,
torch.Tensor.fliplr,,,872.0,73.0,1667.0,1726.0,4569.0,4036.0,,,
torch.Tensor.flipud,,,912.0,69.0,1748.0,1746.0,4356.0,3925.0,,,
torch.Tensor.floor_divide,,,920.0,70.0,1950.0,2180.0,1006.0,3281.0,,,
torch.Tensor.fmax,,,891.0,73.0,2228.0,2172.0,3384.0,2689.0,,,
torch.Tensor.fmin,,,841.0,66.0,2127.0,1995.0,968.0,2020.0,,,
torch.Tensor.fmod,,,882.0,71.0,1550.0,1610.0,946.0,4433.0,,,
torch.Tensor.frexp,,,924.0,71.0,1684.0,1608.0,2483.0,2540.0,,,
torch.Tensor.gather,,,919.0,77.0,1941.0,1927.0,32.0,15.0,,,
torch.Tensor.masked_scatter,,,906.0,73.0,2110.0,2221.0,150.0,116.0,,,
torch.Tensor.masked_select,,,922.0,77.0,2120.0,2077.0,392.0,159.0,,,
torch.Tensor.matrix_exp,,,821.0,70.0,2173.0,2186.0,486.0,563.0,,,
torch.Tensor.matrix_power,,,816.0,75.0,2157.0,1810.0,819.0,1025.0,,,
torch.Tensor.maximum,,,-4462.0,74.0,2044.0,2171.0,782.0,2990.0,,,
torch.Tensor.median,,,863.0,67.0,1624.0,1588.0,5433.0,6182.0,,,
torch.Tensor.minimum,,,910.0,76.0,2107.0,2111.0,769.0,878.0,,,
torch.Tensor.mode,,,901.0,80.0,1421.0,1783.0,5451.0,3748.0,,,
torch.Tensor.moveaxis,,,889.0,78.0,1751.0,1820.0,506.0,284.0,,,
torch.Tensor.mvlgamma,,,861.0,68.0,1864.0,1859.0,2781.0,3710.0,,,
torch.Tensor.nanmean,,,894.0,70.0,1773.0,1801.0,2904.0,4087.0,,,
torch.Tensor.nanmedian,,,701.0,68.0,1630.0,1603.0,5168.0,6138.0,,,
torch.flatten,,,885.0,79.0,-35809.0,1737.0,0.0,2952.0,,,
