API,constrinf,constrinf_2,neuri,symbolic,constrinf.1,constrinf_2.1,neuri.1,symbolic.1
torch.Tensor.__and__.models,38139.0,36946.0,37383.0,36875.0,261.0,62.0,55.0,569.0
torch.Tensor.__iand__.models,38024.0,37860.0,37991.0,36865.0,97.0,17.0,78.0,458.0
torch.Tensor.__ior__.models,38125.0,37942.0,37988.0,36877.0,221.0,88.0,73.0,519.0
torch.Tensor.__ixor__.models,38310.0,38124.0,37926.0,36857.0,189.0,121.0,22.0,328.0
torch.Tensor.__lshift__.models,38039.0,37366.0,37031.0,36863.0,92.0,74.0,60.0,155.0
torch.Tensor.__or__.models,38110.0,37432.0,37478.0,36858.0,155.0,71.0,432.0,273.0
torch.Tensor.__rshift__.models,38088.0,37436.0,36939.0,36860.0,149.0,130.0,23.0,181.0
torch.Tensor.__xor__.models,38087.0,37409.0,37321.0,36878.0,152.0,106.0,50.0,544.0
torch.Tensor.abs.models,37957.0,36887.0,36960.0,36857.0,86.0,119.0,150.0,344.0
torch.Tensor.abs_.models,37976.0,37472.0,37657.0,36867.0,140.0,144.0,62.0,197.0
torch.Tensor.acos.models,37932.0,36864.0,36960.0,36855.0,67.0,68.0,67.0,192.0
torch.Tensor.acos_.models,38031.0,37536.0,37639.0,36870.0,170.0,1531.0,73.0,196.0
torch.Tensor.acosh.models,37931.0,37548.0,36940.0,36859.0,92.0,119.0,39.0,257.0
torch.Tensor.add.models,38141.0,37521.0,37547.0,36866.0,130.0,82.0,36.0,137.0
torch.Tensor.add_.models,38416.0,38250.0,38522.0,36852.0,774.0,336.0,438.0,9112.0
torch.Tensor.addbmm.models,37910.0,37879.0,36954.0,36857.0,96.0,1.0,48.0,156.0
torch.Tensor.addcdiv.models,38140.0,38110.0,36949.0,36861.0,101.0,300.0,47.0,166.0
torch.Tensor.addcdiv_.models,38373.0,37641.0,38082.0,36863.0,151.0,10.0,52.0,339.0
torch.Tensor.addcmul.models,38153.0,37411.0,37462.0,36859.0,111.0,60.0,82.0,228.0
torch.Tensor.addcmul_.models,38356.0,38181.0,38348.0,36857.0,139.0,49.0,66.0,220.0
torch.Tensor.addmm.models,38224.0,37956.0,36921.0,36808.0,776.0,487.0,42.0,10007.0
torch.Tensor.addmm_.models,38455.0,38141.0,38020.0,36862.0,743.0,35.0,81.0,8826.0
torch.Tensor.addmv.models,38195.0,37857.0,36955.0,36852.0,110.0,48.0,62.0,231.0
torch.Tensor.addmv_.models,38262.0,37747.0,37729.0,36878.0,238.0,6.0,107.0,1590.0
torch.Tensor.addr.models,37988.0,37957.0,36934.0,36842.0,886.0,389.0,54.0,8051.0
torch.Tensor.adjoint.models,38063.0,37593.0,37742.0,36857.0,77.0,83.0,67.0,157.0
torch.Tensor.all.models,37904.0,37495.0,37695.0,36852.0,86.0,220.0,66.0,132.0
torch.Tensor.amax.models,38026.0,37668.0,36953.0,36854.0,85.0,228.0,51.0,171.0
torch.Tensor.amin.models,38053.0,37623.0,36959.0,36855.0,103.0,203.0,93.0,166.0
torch.Tensor.aminmax.models,38103.0,37679.0,36940.0,36876.0,162.0,185.0,49.0,363.0
torch.Tensor.angle.models,37981.0,37566.0,36954.0,36867.0,142.0,194.0,94.0,516.0
torch.Tensor.any.models,38020.0,37543.0,37720.0,36867.0,179.0,310.0,63.0,306.0
torch.Tensor.argmax.models,38194.0,37693.0,37779.0,37720.0,259.0,1044.0,50.0,49.0
torch.Tensor.argmin.models,38081.0,37612.0,37778.0,37728.0,159.0,119.0,44.0,107.0
torch.Tensor.argsort.models,38208.0,37708.0,36942.0,36874.0,285.0,326.0,53.0,386.0
torch.Tensor.argwhere.models,37971.0,37563.0,36960.0,36857.0,68.0,42.0,95.0,163.0
torch.Tensor.as_strided.models,38255.0,37835.0,37858.0,36858.0,106.0,100.0,16.0,182.0
torch.Tensor.as_strided_.models,38090.0,37617.0,37827.0,36868.0,124.0,650.0,46.0,193.0
torch.Tensor.asin.models,37921.0,36882.0,36964.0,36847.0,59.0,52.0,52.0,131.0
torch.Tensor.asin_.models,37939.0,37518.0,37643.0,36861.0,90.0,101.0,60.0,299.0
torch.Tensor.asinh.models,37935.0,37509.0,36952.0,36867.0,97.0,134.0,61.0,218.0
torch.Tensor.atan.models,37914.0,36887.0,36959.0,36877.0,78.0,62.0,70.0,216.0
torch.Tensor.atan2.models,38083.0,37383.0,37357.0,36856.0,77.0,78.0,52.0,190.0
torch.Tensor.atan2_.models,38373.0,38155.0,37950.0,36867.0,127.0,67.0,53.0,153.0
torch.Tensor.atan_.models,38008.0,37513.0,37634.0,36870.0,106.0,117.0,76.0,270.0
torch.Tensor.atanh.models,37996.0,37534.0,36940.0,36874.0,94.0,112.0,49.0,221.0
torch.Tensor.bitwise_and.models,38059.0,37970.0,37973.0,36865.0,1051.0,575.0,63.0,10507.0
torch.Tensor.bitwise_left_shift.models,38118.0,37943.0,36932.0,36857.0,127.0,945.0,28.0,190.0
torch.Tensor.bitwise_not.models,38048.0,37555.0,37627.0,36874.0,208.0,1216.0,67.0,308.0
torch.Tensor.bitwise_not_.models,38049.0,37545.0,37623.0,36876.0,232.0,1774.0,79.0,959.0
torch.Tensor.bitwise_or.models,38120.0,37969.0,38004.0,36860.0,62.0,85.0,65.0,155.0
torch.Tensor.bitwise_xor.models,38106.0,37965.0,37943.0,36863.0,138.0,85.0,82.0,137.0
torch.Tensor.bmm.models,38101.0,37854.0,38033.0,36864.0,85.0,97.0,111.0,131.0
torch.Tensor.broadcast_to.models,38200.0,37727.0,36879.0,36874.0,136.0,304.0,16.0,524.0
torch.Tensor.ceil.models,38004.0,36878.0,36954.0,36870.0,111.0,82.0,80.0,216.0
torch.Tensor.ceil_.models,37931.0,37480.0,37629.0,36863.0,88.0,72.0,49.0,216.0
torch.Tensor.cholesky.models,37998.0,37541.0,36949.0,36862.0,110.0,260.0,75.0,245.0
torch.Tensor.cholesky_inverse.models,38056.0,32804.0,36954.0,36856.0,104.0,95.0,69.0,265.0
torch.Tensor.cholesky_solve.models,38019.0,32863.0,36941.0,36870.0,169.0,1600.0,48.0,350.0
torch.Tensor.chunk.models,38266.0,37844.0,37868.0,36870.0,144.0,138.0,77.0,222.0
torch.Tensor.clamp.models,37713.0,36949.0,37094.0,36867.0,114.0,99.0,68.0,260.0
torch.Tensor.clamp_.models,37954.0,37654.0,37765.0,36870.0,84.0,108.0,101.0,235.0
torch.Tensor.clamp_max.models,37978.0,37559.0,37712.0,36869.0,107.0,127.0,52.0,228.0
torch.Tensor.clamp_max_.models,38016.0,37608.0,37701.0,36860.0,91.0,107.0,54.0,195.0
torch.Tensor.clamp_min.models,38024.0,37628.0,37698.0,36872.0,153.0,151.0,54.0,349.0
torch.Tensor.clamp_min_.models,38020.0,37601.0,37692.0,36874.0,153.0,204.0,46.0,620.0
torch.Tensor.conj.models,37990.0,36749.0,37716.0,36871.0,125.0,146.0,80.0,263.0
torch.Tensor.conj_physical.models,37600.0,37462.0,36944.0,36856.0,97.0,102.0,75.0,178.0
torch.Tensor.contiguous.models,37973.0,37975.0,36909.0,36857.0,714.0,1421.0,8.0,13938.0
torch.Tensor.copy_.models,37960.0,37948.0,37652.0,36861.0,675.0,1268.0,11.0,13441.0
torch.Tensor.copysign.models,38193.0,38033.0,36933.0,36844.0,757.0,315.0,59.0,9158.0
torch.Tensor.corrcoef.models,38264.0,37708.0,36907.0,36874.0,147.0,254.0,11.0,364.0
torch.Tensor.cos.models,37992.0,36908.0,36955.0,36851.0,109.0,105.0,93.0,232.0
torch.Tensor.cos_.models,37920.0,37504.0,37633.0,36855.0,91.0,101.0,60.0,274.0
torch.Tensor.cosh.models,38029.0,36914.0,36955.0,36857.0,145.0,143.0,69.0,280.0
torch.Tensor.cosh_.models,37910.0,37491.0,37644.0,36874.0,85.0,99.0,89.0,168.0
torch.Tensor.count_nonzero.models,38100.0,37776.0,36938.0,36878.0,202.0,200.0,56.0,1154.0
torch.Tensor.cov.models,38202.0,38008.0,36953.0,36853.0,92.0,110.0,78.0,199.0
torch.Tensor.cummax.models,37986.0,37551.0,36940.0,36867.0,93.0,73.0,60.0,278.0
torch.Tensor.cummin.models,37960.0,37556.0,36945.0,36863.0,95.0,70.0,65.0,282.0
torch.Tensor.cumprod.models,38019.0,37661.0,36949.0,36860.0,99.0,117.0,68.0,273.0
torch.Tensor.cumsum.models,38023.0,37655.0,36961.0,36863.0,91.0,87.0,76.0,164.0
torch.Tensor.cumsum_.models,38074.0,37663.0,37723.0,36852.0,151.0,121.0,64.0,219.0
torch.Tensor.deg2rad.models,37868.0,37511.0,36957.0,36852.0,67.0,78.0,132.0,152.0
torch.Tensor.det.models,38019.0,37595.0,36934.0,36858.0,93.0,80.0,40.0,311.0
torch.Tensor.diag.models,38025.0,37917.0,36896.0,36857.0,448.0,63.0,20.0,3291.0
torch.Tensor.diag_embed.models,38074.0,37586.0,36958.0,36873.0,79.0,21.0,51.0,205.0
torch.Tensor.diagflat.models,37988.0,37651.0,36905.0,36843.0,7.0,4.0,17.0,5141.0
torch.Tensor.diagonal.models,38198.0,37771.0,37853.0,36871.0,185.0,173.0,49.0,386.0
torch.Tensor.diff.models,38330.0,38213.0,36936.0,36849.0,661.0,643.0,68.0,10192.0
torch.Tensor.digamma.models,37912.0,37560.0,36926.0,36861.0,105.0,125.0,29.0,271.0
torch.Tensor.digamma_.models,37945.0,37522.0,36955.0,36860.0,114.0,109.0,70.0,224.0
torch.Tensor.dist.models,38176.0,38072.0,36951.0,36873.0,94.0,205.0,32.0,201.0
torch.Tensor.div.models,38136.0,37533.0,37880.0,36861.0,143.0,94.0,55.0,339.0
torch.Tensor.div_.models,38141.0,38175.0,38441.0,36861.0,735.0,210.0,213.0,8793.0
torch.Tensor.divide.models,38203.0,37098.0,36960.0,36861.0,145.0,92.0,103.0,502.0
torch.Tensor.divide_.models,38323.0,38214.0,36942.0,36860.0,106.0,764.0,55.0,255.0
torch.Tensor.dot.models,38205.0,37751.0,36936.0,36870.0,206.0,2320.0,43.0,381.0
torch.Tensor.dsplit.models,38127.0,37685.0,36939.0,36852.0,114.0,825.0,60.0,246.0
torch.Tensor.eq.models,38116.0,37418.0,37400.0,36866.0,106.0,139.0,65.0,177.0
torch.Tensor.erf.models,37921.0,36905.0,36940.0,36856.0,82.0,69.0,48.0,166.0
torch.Tensor.erf_.models,37879.0,37449.0,37638.0,36855.0,49.0,49.0,84.0,184.0
torch.Tensor.erfc.models,37994.0,36893.0,36935.0,36870.0,102.0,111.0,45.0,235.0
torch.Tensor.erfc_.models,37965.0,37472.0,37630.0,36858.0,67.0,56.0,72.0,172.0
torch.Tensor.erfinv.models,37896.0,37507.0,36959.0,36856.0,59.0,86.0,67.0,172.0
torch.Tensor.erfinv_.models,37981.0,37510.0,37655.0,36864.0,64.0,69.0,188.0,147.0
torch.Tensor.exp.models,37919.0,36834.0,36976.0,36863.0,77.0,45.0,76.0,183.0
torch.Tensor.exp2.models,37927.0,37542.0,36951.0,36858.0,109.0,108.0,89.0,240.0
torch.Tensor.exp_.models,37888.0,37467.0,37638.0,36866.0,86.0,96.0,47.0,218.0
torch.Tensor.expand.models,38329.0,36810.0,37357.0,37253.0,226.0,94.0,593.0,270.0
torch.Tensor.expand_as.models,38252.0,38018.0,38137.0,36855.0,123.0,62.0,88.0,260.0
torch.Tensor.expm1.models,37991.0,36883.0,36972.0,36851.0,101.0,94.0,119.0,245.0
torch.Tensor.expm1_.models,37931.0,37501.0,37595.0,36854.0,102.0,95.0,33.0,237.0
torch.Tensor.fill_.models,37991.0,37589.0,37752.0,36874.0,126.0,143.0,175.0,340.0
torch.Tensor.flatten.models,38140.0,37676.0,37823.0,37765.0,103.0,536.0,67.0,39.0
torch.Tensor.flip.models,37997.0,37603.0,37809.0,36857.0,81.0,140.0,105.0,201.0
torch.Tensor.fliplr.models,38008.0,37552.0,36940.0,36864.0,103.0,111.0,42.0,242.0
torch.Tensor.flipud.models,38011.0,37563.0,36942.0,36855.0,84.0,81.0,45.0,159.0
torch.Tensor.float_power.models,38091.0,37881.0,37736.0,36873.0,78.0,57.0,39.0,132.0
torch.Tensor.float_power_.models,38071.0,37609.0,37714.0,36863.0,115.0,494.0,32.0,227.0
torch.Tensor.floor.models,37984.0,36900.0,36951.0,36862.0,92.0,113.0,100.0,229.0
torch.Tensor.floor_.models,37910.0,37512.0,37626.0,36864.0,80.0,109.0,81.0,195.0
torch.Tensor.floor_divide.models,38069.0,37993.0,36940.0,36852.0,144.0,145.0,47.0,144.0
torch.Tensor.fmax.models,38083.0,38001.0,36944.0,36869.0,109.0,127.0,80.0,326.0
torch.Tensor.fmin.models,38109.0,37901.0,36932.0,36858.0,137.0,23.0,87.0,231.0
torch.Tensor.fmod.models,38099.0,37444.0,36958.0,36858.0,196.0,700.0,110.0,310.0
torch.Tensor.fmod_.models,38148.0,37933.0,36939.0,36856.0,121.0,54.0,52.0,250.0
torch.Tensor.frac.models,37979.0,36840.0,36959.0,36858.0,76.0,73.0,88.0,203.0
torch.Tensor.frac_.models,37949.0,37511.0,37637.0,36873.0,146.0,206.0,38.0,590.0
torch.Tensor.frexp.models,37957.0,37488.0,36952.0,36866.0,64.0,63.0,57.0,189.0
torch.Tensor.gather.models,38036.0,38036.0,36940.0,36829.0,449.0,419.0,100.0,8012.0
torch.Tensor.ge.models,38176.0,37451.0,37009.0,36848.0,771.0,435.0,47.0,8598.0
torch.Tensor.ge_.models,38077.0,37618.0,36927.0,36862.0,667.0,1668.0,33.0,9440.0
torch.Tensor.gt.models,38152.0,37448.0,37344.0,36858.0,553.0,395.0,83.0,7285.0
torch.Tensor.hardshrink.models,38027.0,36938.0,37042.0,36847.0,1127.0,1894.0,91.0,8126.0
torch.Tensor.heaviside.models,38148.0,37907.0,37909.0,36850.0,1226.0,1090.0,75.0,8357.0
torch.Tensor.heaviside_.models,38401.0,37973.0,37978.0,36862.0,776.0,1765.0,103.0,9910.0
torch.Tensor.index_fill.models,38107.0,37954.0,36825.0,36841.0,811.0,1307.0,4.0,13600.0
torch.Tensor.index_select.models,38124.0,,36927.0,36835.0,688.0,,35.0,9091.0
torch.Tensor.isinf.models,37933.0,37551.0,37615.0,36850.0,1104.0,1426.0,55.0,9203.0
torch.Tensor.isnan.models,38040.0,36894.0,36956.0,36856.0,973.0,1428.0,72.0,8482.0
torch.Tensor.ldexp.models,38192.0,38107.0,37935.0,36865.0,939.0,365.0,67.0,8802.0
torch.Tensor.ldexp_.models,38145.0,38143.0,37970.0,36856.0,425.0,1245.0,32.0,8706.0
torch.Tensor.le.models,38050.0,37380.0,37026.0,36849.0,1134.0,1776.0,66.0,9953.0
torch.Tensor.lerp.models,38147.0,37410.0,37485.0,36876.0,107.0,91.0,54.0,568.0
torch.Tensor.lgamma.models,37955.0,36886.0,36961.0,36879.0,110.0,93.0,71.0,265.0
torch.Tensor.lgamma_.models,37920.0,37498.0,37626.0,36870.0,79.0,85.0,73.0,175.0
torch.Tensor.log.models,38027.0,36898.0,36968.0,36869.0,114.0,141.0,107.0,381.0
torch.Tensor.log10.models,37998.0,36910.0,36967.0,36868.0,108.0,101.0,58.0,260.0
torch.Tensor.log10_.models,38008.0,37499.0,37642.0,36862.0,107.0,99.0,57.0,251.0
torch.Tensor.log1p.models,37966.0,36884.0,36961.0,36859.0,62.0,59.0,31.0,149.0
torch.Tensor.log1p_.models,37935.0,37481.0,37635.0,36867.0,76.0,86.0,68.0,186.0
torch.Tensor.log2.models,37920.0,36863.0,36956.0,36876.0,97.0,110.0,64.0,393.0
torch.Tensor.log2_.models,37941.0,37494.0,37632.0,36856.0,103.0,90.0,61.0,240.0
torch.Tensor.log_.models,37924.0,37477.0,37624.0,36867.0,81.0,90.0,42.0,184.0
torch.Tensor.log_softmax.models,38062.0,37653.0,37721.0,36872.0,209.0,1255.0,65.0,402.0
torch.Tensor.logical_and.models,38074.0,37974.0,37959.0,36863.0,128.0,835.0,46.0,244.0
torch.Tensor.logical_and_.models,38086.0,38105.0,36523.0,36861.0,747.0,803.0,1.0,13203.0
torch.Tensor.logical_not.models,37987.0,37489.0,37616.0,36861.0,119.0,122.0,49.0,272.0
torch.Tensor.logical_not_.models,37623.0,37460.0,37622.0,36858.0,112.0,125.0,77.0,221.0
torch.Tensor.logical_or.models,38085.0,38015.0,38011.0,36871.0,71.0,73.0,77.0,162.0
torch.Tensor.logical_or_.models,38043.0,37997.0,37971.0,36857.0,94.0,65.0,48.0,211.0
torch.Tensor.logical_xor.models,38127.0,37960.0,37979.0,36860.0,99.0,92.0,52.0,266.0
torch.Tensor.logical_xor_.models,38349.0,38252.0,37625.0,36876.0,180.0,311.0,65.0,646.0
torch.Tensor.lt.models,38110.0,37398.0,37031.0,36864.0,108.0,87.0,37.0,471.0
torch.Tensor.masked_fill.models,38083.0,38029.0,38035.0,36875.0,105.0,67.0,66.0,247.0
torch.Tensor.masked_fill_.models,38197.0,37876.0,38179.0,36849.0,522.0,12.0,257.0,9205.0
torch.Tensor.masked_scatter.models,38021.0,37994.0,36952.0,36864.0,43.0,13.0,89.0,190.0
torch.Tensor.masked_select.models,38282.0,37981.0,36948.0,36875.0,179.0,211.0,86.0,426.0
torch.Tensor.matmul.models,38419.0,37654.0,37621.0,36875.0,190.0,286.0,191.0,570.0
torch.Tensor.matrix_exp.models,38468.0,38031.0,36952.0,36861.0,49.0,12.0,86.0,270.0
torch.Tensor.matrix_power.models,38324.0,37924.0,36955.0,36859.0,75.0,39.0,35.0,240.0
torch.Tensor.max.models,38136.0,37431.0,37821.0,37762.0,111.0,139.0,88.0,440.0
torch.Tensor.maximum.models,38123.0,37998.0,36949.0,36851.0,142.0,146.0,45.0,218.0
torch.Tensor.mean.models,38053.0,37599.0,37924.0,37848.0,115.0,334.0,113.0,265.0
torch.Tensor.median.models,37945.0,37488.0,36952.0,36860.0,96.0,357.0,67.0,148.0
torch.Tensor.min.models,38112.0,37421.0,37809.0,37761.0,129.0,209.0,48.0,301.0
torch.Tensor.minimum.models,38060.0,37963.0,36945.0,36851.0,81.0,767.0,68.0,155.0
torch.Tensor.mm.models,38107.0,37879.0,37937.0,36872.0,121.0,1097.0,50.0,266.0
torch.Tensor.mode.models,38160.0,37668.0,36952.0,36878.0,346.0,1048.0,56.0,1928.0
torch.Tensor.moveaxis.models,38189.0,37508.0,36942.0,36848.0,166.0,7.0,70.0,9061.0
torch.Tensor.movedim.models,38199.0,37766.0,37927.0,36868.0,250.0,1705.0,189.0,282.0
torch.Tensor.msort.models,37996.0,37596.0,36955.0,36860.0,71.0,56.0,52.0,179.0
torch.Tensor.mul.models,38164.0,37374.0,37586.0,36857.0,219.0,90.0,127.0,338.0
torch.Tensor.mul_.models,38385.0,38180.0,38208.0,36855.0,914.0,132.0,404.0,10316.0
torch.Tensor.mv.models,38224.0,37750.0,37967.0,36879.0,226.0,2.0,85.0,793.0
torch.Tensor.mvlgamma.models,38050.0,37678.0,36941.0,36871.0,82.0,69.0,61.0,234.0
torch.Tensor.nan_to_num.models,38018.0,37632.0,37696.0,36867.0,107.0,144.0,36.0,365.0
torch.Tensor.nan_to_num_.models,37951.0,37593.0,37727.0,36852.0,87.0,126.0,52.0,248.0
torch.Tensor.nanmean.models,38066.0,37654.0,36948.0,36875.0,128.0,2212.0,70.0,218.0
torch.Tensor.nanmedian.models,37998.0,37497.0,36948.0,36874.0,115.0,583.0,56.0,212.0
torch.Tensor.narrow.models,38244.0,37726.0,37782.0,36870.0,324.0,124.0,44.0,321.0
torch.Tensor.ne.models,38020.0,37461.0,37375.0,36858.0,1079.0,424.0,60.0,9852.0
torch.Tensor.neg.models,37970.0,36900.0,36981.0,36850.0,1101.0,1495.0,67.0,9382.0
torch.Tensor.neg_.models,38050.0,37518.0,37634.0,36859.0,844.0,1329.0,67.0,9310.0
torch.Tensor.new_empty.models,38264.0,37934.0,36848.0,36847.0,36.0,1275.0,12.0,11135.0
torch.Tensor.new_empty_strided.models,38452.0,38477.0,36915.0,36851.0,1735.0,1790.0,11.0,17477.0
torch.Tensor.new_full.models,38021.0,38017.0,37872.0,36859.0,132.0,55.0,13.0,2469.0
torch.Tensor.new_ones.models,37931.0,,37836.0,36852.0,218.0,,88.0,8862.0
torch.Tensor.new_zeros.models,37996.0,,37816.0,36861.0,239.0,,147.0,10861.0
torch.Tensor.nonzero.models,38162.0,37613.0,36940.0,36849.0,666.0,440.0,93.0,9190.0
torch.Tensor.norm.models,38192.0,37570.0,36948.0,36829.0,897.0,828.0,78.0,9030.0
torch.Tensor.normal_.models,38306.0,38318.0,36863.0,36856.0,1196.0,1740.0,5.0,10282.0
torch.Tensor.permute.models,38315.0,,37912.0,36855.0,687.0,,450.0,9905.0
torch.Tensor.polygamma_.models,37981.0,37561.0,37701.0,36859.0,40.0,166.0,65.0,9414.0
torch.Tensor.pow.models,38150.0,37961.0,38087.0,36808.0,1193.0,1789.0,36.0,10006.0
torch.Tensor.pow_.models,37977.0,37585.0,37997.0,36855.0,1166.0,1867.0,34.0,8774.0
torch.Tensor.prod.models,38082.0,37549.0,37742.0,36865.0,909.0,1078.0,170.0,8472.0
torch.Tensor.random_.models,38295.0,37971.0,36537.0,36850.0,1091.0,1248.0,1.0,14178.0
torch.Tensor.ravel.models,38083.0,37608.0,37692.0,36848.0,864.0,759.0,66.0,9446.0
torch.Tensor.reciprocal.models,37941.0,36935.0,36966.0,36856.0,1090.0,1496.0,74.0,8772.0
torch.Tensor.reciprocal_.models,38077.0,37500.0,37629.0,36851.0,910.0,1934.0,79.0,9690.0
torch.Tensor.relu.models,37967.0,36921.0,36937.0,36857.0,1155.0,1704.0,69.0,10254.0
torch.Tensor.relu_.models,37975.0,37526.0,37610.0,36847.0,1121.0,1471.0,60.0,9808.0
torch.Tensor.remainder_.models,38148.0,,36935.0,36841.0,740.0,,50.0,9361.0
torch.Tensor.repeat.models,37692.0,,37819.0,36850.0,5.0,,126.0,9609.0
torch.Tensor.requires_grad_.models,37955.0,37973.0,36801.0,36847.0,1153.0,1313.0,3.0,13691.0
torch.Tensor.reshape.models,38195.0,,37859.0,37847.0,513.0,,26.0,21.0
torch.Tensor.reshape_as.models,38271.0,38060.0,38059.0,36862.0,603.0,198.0,42.0,8517.0
torch.Tensor.resolve_conj.models,38038.0,37495.0,37650.0,36861.0,795.0,1198.0,937.0,8257.0
torch.Tensor.rot90.models,38267.0,,36945.0,36858.0,762.0,,74.0,8583.0
torch.Tensor.round.models,37930.0,36901.0,36953.0,36856.0,1102.0,1887.0,130.0,9929.0
torch.Tensor.round_.models,38054.0,37508.0,37623.0,36861.0,986.0,1218.0,94.0,8712.0
torch.Tensor.rsqrt.models,37957.0,36935.0,36954.0,36848.0,1041.0,1439.0,76.0,9158.0
torch.Tensor.rsqrt_.models,38014.0,37470.0,37634.0,36842.0,1229.0,340.0,67.0,9221.0
torch.Tensor.scatter_.models,38213.0,,36942.0,36855.0,678.0,,56.0,10337.0
torch.Tensor.scatter_add_.models,38109.0,,36953.0,36842.0,601.0,,70.0,9199.0
torch.Tensor.scatter_reduce_.models,38151.0,,37706.0,36861.0,626.0,,31.0,9850.0
torch.Tensor.select.models,37953.0,37976.0,37696.0,36854.0,615.0,1435.0,4.0,12706.0
torch.Tensor.sigmoid.models,38044.0,36912.0,36955.0,36844.0,839.0,1307.0,73.0,9218.0
torch.Tensor.sigmoid_.models,38083.0,37494.0,37620.0,36853.0,994.0,219.0,58.0,7674.0
torch.Tensor.sign.models,37549.0,37544.0,37602.0,36853.0,1016.0,1429.0,30.0,8493.0
torch.Tensor.sign_.models,37912.0,37525.0,36944.0,36862.0,1145.0,1558.0,49.0,9830.0
torch.Tensor.sin.models,38041.0,36929.0,36931.0,36858.0,869.0,872.0,26.0,8895.0
torch.Tensor.sin_.models,38065.0,37384.0,37619.0,36864.0,1365.0,2029.0,69.0,10438.0
torch.Tensor.sinh.models,37941.0,36927.0,36969.0,36855.0,1084.0,1398.0,85.0,8789.0
torch.Tensor.sinh_.models,37882.0,37505.0,37633.0,36862.0,1061.0,1740.0,86.0,8791.0
torch.Tensor.softmax.models,38050.0,,36926.0,36859.0,1204.0,,52.0,9248.0
torch.Tensor.sort.models,38013.0,37629.0,37764.0,36863.0,1056.0,2233.0,21.0,9978.0
torch.Tensor.split.models,37989.0,37972.0,36897.0,36851.0,748.0,1477.0,10.0,12907.0
torch.Tensor.sqrt.models,37939.0,36923.0,36960.0,36864.0,1159.0,1433.0,176.0,9298.0
torch.Tensor.sqrt_.models,38041.0,37516.0,37627.0,36867.0,1294.0,1926.0,70.0,9926.0
torch.Tensor.squeeze.models,38119.0,37618.0,37817.0,37764.0,989.0,1685.0,418.0,9335.0
torch.Tensor.squeeze_.models,37626.0,37535.0,37639.0,36864.0,1062.0,1477.0,58.0,8713.0
torch.Tensor.stft.models,37951.0,37956.0,38101.0,36853.0,675.0,1341.0,8.0,13954.0
torch.Tensor.sub.models,38252.0,37424.0,37487.0,36848.0,990.0,1626.0,68.0,8907.0
torch.Tensor.sub_.models,38416.0,,38411.0,36862.0,706.0,,135.0,10713.0
torch.Tensor.sum.models,38038.0,37645.0,37933.0,37907.0,1164.0,1550.0,84.0,87.0
torch.Tensor.sum_to_size.models,38107.0,38094.0,36943.0,36844.0,923.0,1276.0,38.0,14123.0
torch.Tensor.swapaxes_.models,38145.0,37552.0,37711.0,36851.0,1122.0,2047.0,64.0,9335.0
torch.Tensor.swapdims_.models,38234.0,37670.0,37730.0,36847.0,1226.0,2396.0,68.0,10421.0
torch.Tensor.t.models,38183.0,37290.0,37742.0,36836.0,711.0,439.0,77.0,7159.0
torch.Tensor.t_.models,38087.0,37185.0,36934.0,36857.0,684.0,666.0,83.0,8818.0
torch.Tensor.tan.models,37569.0,36930.0,36945.0,36863.0,1019.0,1300.0,91.0,8967.0
torch.Tensor.tan_.models,37968.0,37506.0,37618.0,36835.0,1115.0,943.0,45.0,9025.0
torch.Tensor.tanh.models,37950.0,36918.0,36928.0,36860.0,1137.0,1428.0,44.0,9856.0
torch.Tensor.tanh_.models,37977.0,37496.0,37626.0,36855.0,1234.0,2072.0,123.0,9220.0
torch.Tensor.transpose.models,38205.0,37769.0,37842.0,37843.0,158.0,1023.0,46.0,30.0
torch.Tensor.transpose_.models,38191.0,37701.0,37767.0,36875.0,185.0,2445.0,114.0,285.0
torch.Tensor.tril.models,38008.0,37567.0,37721.0,37580.0,249.0,295.0,13.0,4.0
torch.Tensor.tril_.models,38055.0,37555.0,37689.0,36862.0,114.0,80.0,45.0,276.0
torch.Tensor.triu_.models,38050.0,37541.0,37699.0,36872.0,153.0,130.0,56.0,490.0
torch.Tensor.true_divide_.models,38407.0,38202.0,38042.0,36802.0,857.0,1472.0,146.0,9022.0
torch.Tensor.trunc.models,37962.0,36902.0,36959.0,36866.0,105.0,112.0,64.0,393.0
torch.Tensor.trunc_.models,37933.0,37517.0,37631.0,36860.0,1110.0,1310.0,78.0,8907.0
torch.Tensor.type_as.models,38058.0,37483.0,36970.0,36859.0,92.0,106.0,72.0,248.0
torch.Tensor.unbind.models,38178.0,38209.0,36542.0,36847.0,944.0,1285.0,1.0,11948.0
torch.Tensor.unfold.models,38262.0,37744.0,37879.0,36884.0,206.0,395.0,80.0,1117.0
torch.Tensor.uniform_.models,38301.0,38307.0,36832.0,36855.0,1255.0,1916.0,3.0,11893.0
torch.Tensor.unique_consecutive.models,38255.0,37808.0,36951.0,36877.0,149.0,199.0,77.0,664.0
torch.Tensor.unsqueeze.models,38011.0,37006.0,37141.0,36854.0,90.0,100.0,261.0,271.0
torch.Tensor.unsqueeze_.models,38021.0,37590.0,37700.0,36865.0,111.0,72.0,57.0,184.0
torch.Tensor.view.models,38117.0,38092.0,37848.0,36857.0,1329.0,826.0,88.0,15310.0
torch.Tensor.view_as.models,38192.0,38056.0,38020.0,36862.0,127.0,405.0,40.0,192.0
torch.Tensor.xlogy_.models,38415.0,38177.0,37661.0,36863.0,696.0,216.0,64.0,8723.0
torch.Tensor.zero_.models,37932.0,37478.0,37654.0,36870.0,78.0,72.0,293.0,172.0
torch._C._fft.fft_fft.models,38286.0,37737.0,37867.0,36858.0,1691.0,4546.0,160.0,20870.0
torch._C._fft.fft_fft2.models,38367.0,,37930.0,36862.0,1337.0,,126.0,20863.0
torch._C._fft.fft_fftn.models,38129.0,38064.0,37872.0,36856.0,821.0,476.0,67.0,8051.0
torch._C._fft.fft_fftshift.models,38050.0,,37858.0,36851.0,1155.0,,83.0,9705.0
torch._C._fft.fft_hfft.models,38245.0,,37921.0,36859.0,1091.0,,111.0,18457.0
torch._C._fft.fft_hfft2.models,38042.0,,37996.0,36864.0,1035.0,,250.0,20941.0
torch._C._fft.fft_hfftn.models,38378.0,38092.0,37948.0,36862.0,863.0,494.0,58.0,10978.0
torch._C._fft.fft_ifft.models,38381.0,,37923.0,36861.0,1480.0,,113.0,18306.0
torch._C._fft.fft_ifft2.models,33564.0,37925.0,37946.0,36841.0,1.0,23.0,110.0,18130.0
torch._C._fft.fft_ifftn.models,38078.0,37956.0,37935.0,36851.0,1185.0,649.0,66.0,10104.0
torch._C._fft.fft_ifftshift.models,38123.0,37969.0,37851.0,36839.0,1293.0,640.0,59.0,10034.0
torch._C._fft.fft_ihfft.models,38306.0,37970.0,37893.0,36831.0,884.0,897.0,95.0,11029.0
torch._C._fft.fft_ihfft2.models,38267.0,37937.0,37929.0,36842.0,334.0,198.0,24.0,3522.0
torch._C._fft.fft_ihfftn.models,38187.0,37713.0,37951.0,36860.0,1152.0,1296.0,127.0,15675.0
torch._C._fft.fft_irfft.models,38236.0,,37856.0,36829.0,1419.0,,178.0,19038.0
torch._C._fft.fft_irfft2.models,38152.0,37950.0,37928.0,36864.0,211.0,262.0,29.0,3926.0
torch._C._fft.fft_irfftn.models,38066.0,37946.0,37840.0,36859.0,253.0,359.0,26.0,3794.0
torch._C._fft.fft_rfft.models,38240.0,37971.0,37845.0,36845.0,664.0,800.0,59.0,8052.0
torch._C._fft.fft_rfft2.models,38177.0,37962.0,37927.0,36859.0,566.0,667.0,86.0,10416.0
torch._C._fft.fft_rfftn.models,38135.0,37975.0,37935.0,36860.0,794.0,512.0,39.0,10806.0
torch._C._linalg.linalg_cholesky.models,38300.0,37964.0,37714.0,36845.0,600.0,659.0,81.0,10113.0
torch._C._linalg.linalg_cholesky_ex.models,38022.0,37969.0,37687.0,36854.0,661.0,606.0,57.0,10263.0
torch._C._linalg.linalg_cond.models,38285.0,38059.0,36940.0,36839.0,697.0,587.0,62.0,15053.0
torch._C._linalg.linalg_cross.models,37941.0,37982.0,36758.0,36855.0,592.0,1372.0,2.0,13958.0
torch._C._linalg.linalg_det.models,38106.0,37967.0,36939.0,36865.0,748.0,406.0,102.0,10237.0
torch._C._linalg.linalg_eig.models,38204.0,37960.0,36926.0,36858.0,509.0,564.0,37.0,7689.0
torch._C._linalg.linalg_eigh.models,38016.0,37518.0,37726.0,36862.0,621.0,22.0,112.0,11661.0
torch._C._linalg.linalg_eigvals.models,37985.0,37963.0,36939.0,36860.0,766.0,724.0,56.0,10545.0
torch._C._linalg.linalg_eigvalsh.models,38079.0,37960.0,36933.0,36862.0,533.0,342.0,46.0,7977.0
torch._C._linalg.linalg_householder_product.models,37813.0,37887.0,36881.0,36859.0,502.0,1049.0,7.0,13972.0
torch._C._linalg.linalg_inv.models,38149.0,37964.0,37724.0,36859.0,878.0,636.0,44.0,9610.0
torch._C._linalg.linalg_inv_ex.models,38099.0,37961.0,37787.0,36862.0,248.0,251.0,58.0,3688.0
torch._C._linalg.linalg_ldl_factor.models,38043.0,37937.0,37697.0,36845.0,646.0,366.0,39.0,10148.0
torch._C._linalg.linalg_ldl_factor_ex.models,38034.0,37981.0,36936.0,36848.0,662.0,725.0,29.0,10274.0
torch._C._linalg.linalg_lstsq.models,37965.0,37960.0,36941.0,36845.0,517.0,510.0,62.0,7395.0
torch._C._linalg.linalg_lu.models,38440.0,38224.0,36953.0,36854.0,708.0,722.0,167.0,9708.0
torch._C._linalg.linalg_lu_factor.models,38034.0,38020.0,36930.0,36850.0,669.0,499.0,51.0,10146.0
torch._C._linalg.linalg_lu_factor_ex.models,38024.0,37999.0,36937.0,36860.0,730.0,517.0,100.0,10806.0
torch._C._linalg.linalg_lu_solve.models,37947.0,37989.0,36815.0,36825.0,109.0,1450.0,2.0,14023.0
torch._C._linalg.linalg_matrix_norm.models,38138.0,31976.0,37896.0,36844.0,411.0,33.0,61.0,10340.0
torch._C._linalg.linalg_matrix_power.models,38465.0,38154.0,37737.0,36858.0,570.0,330.0,64.0,10417.0
torch._C._linalg.linalg_matrix_rank.models,38328.0,33013.0,37096.0,36886.0,308.0,105.0,135.0,17318.0
torch._C._linalg.linalg_multi_dot.models,37966.0,37961.0,36770.0,36852.0,453.0,1417.0,2.0,12639.0
torch._C._linalg.linalg_norm.models,38246.0,38069.0,37860.0,36861.0,245.0,168.0,45.0,2974.0
torch._C._linalg.linalg_pinv.models,38437.0,38156.0,37858.0,36857.0,387.0,19.0,211.0,20469.0
torch._C._linalg.linalg_qr.models,37984.0,37967.0,36950.0,36845.0,574.0,508.0,189.0,10210.0
torch._C._linalg.linalg_slogdet.models,38122.0,38169.0,36928.0,36842.0,619.0,546.0,27.0,10177.0
torch._C._linalg.linalg_solve.models,38165.0,38196.0,38055.0,36861.0,476.0,246.0,61.0,7301.0
torch._C._linalg.linalg_solve_ex.models,38112.0,37931.0,37998.0,36735.0,226.0,288.0,12.0,24867.0
torch._C._linalg.linalg_solve_triangular.models,37926.0,37919.0,36900.0,36861.0,317.0,176.0,19.0,4601.0
torch._C._linalg.linalg_svd.models,38125.0,37922.0,37692.0,36856.0,258.0,250.0,31.0,3468.0
torch._C._linalg.linalg_svdvals.models,38319.0,36851.0,36917.0,36859.0,929.0,1032.0,30.0,14990.0
torch._C._linalg.linalg_tensorinv.models,38339.0,37967.0,36946.0,36838.0,747.0,694.0,32.0,10158.0
torch._C._linalg.linalg_tensorsolve.models,38144.0,37954.0,36933.0,36847.0,217.0,257.0,28.0,3465.0
torch._C._linalg.linalg_vander.models,38262.0,38232.0,37904.0,36843.0,846.0,578.0,55.0,7731.0
torch._C._linalg.linalg_vecdot.models,38268.0,38187.0,36947.0,36848.0,784.0,557.0,92.0,10730.0
torch._C._linalg.linalg_vector_norm.models,38164.0,38087.0,37907.0,36862.0,518.0,383.0,219.0,10996.0
torch._C._nn.adaptive_max_pool2d.models,38311.0,38088.0,37761.0,36864.0,649.0,630.0,64.0,7727.0
torch._C._nn.adaptive_max_pool3d.models,38104.0,38030.0,36932.0,36850.0,270.0,267.0,17.0,3416.0
torch._C._nn.avg_pool2d.models,38355.0,37976.0,37791.0,36859.0,433.0,593.0,281.0,7692.0
torch._C._nn.avg_pool3d.models,38061.0,37955.0,36938.0,36841.0,246.0,252.0,38.0,3442.0
torch._C._nn.flatten_dense_tensors.models,37903.0,37921.0,36940.0,36827.0,97.0,1394.0,39.0,11014.0
torch._C._nn.fractional_max_pool2d.models,38208.0,37976.0,36877.0,36862.0,461.0,1332.0,13.0,12849.0
torch._C._nn.fractional_max_pool3d.models,38378.0,37966.0,36523.0,36862.0,431.0,1266.0,1.0,10213.0
torch._C._nn.gelu.models,38050.0,38040.0,37045.0,36857.0,982.0,664.0,79.0,11586.0
torch._C._nn.gelu_.models,38025.0,38015.0,37695.0,36857.0,644.0,319.0,28.0,3217.0
torch._C._nn.huber_loss.models,38403.0,38133.0,36932.0,36846.0,625.0,267.0,31.0,3567.0
torch._C._nn.l1_loss.models,38141.0,38231.0,38041.0,36842.0,1291.0,802.0,64.0,10105.0
torch._C._nn.linear.models,38213.0,38050.0,37717.0,36857.0,422.0,652.0,13.0,11129.0
torch._C._nn.log_sigmoid.models,38267.0,38036.0,37623.0,36863.0,987.0,650.0,54.0,11718.0
torch._C._nn.max_pool2d_with_indices.models,38198.0,37959.0,36930.0,36839.0,529.0,531.0,25.0,8059.0
torch._C._nn.max_pool3d_with_indices.models,37889.0,37992.0,36917.0,36851.0,515.0,1490.0,12.0,12659.0
torch._C._nn.mse_loss.models,38242.0,37979.0,37735.0,36854.0,652.0,679.0,107.0,10218.0
torch._C._nn.pad_sequence.models,37969.0,37959.0,36843.0,36855.0,241.0,239.0,6.0,11910.0
torch._C._nn.reflection_pad1d.models,38115.0,38014.0,37706.0,36843.0,583.0,91.0,41.0,10118.0
torch._C._nn.smooth_l1_loss.models,38213.0,37958.0,38045.0,36839.0,614.0,652.0,57.0,10114.0
torch._C._nn.soft_margin_loss.models,38206.0,38149.0,36933.0,36843.0,1265.0,899.0,65.0,11276.0
torch._C._nn.softplus.models,38042.0,37983.0,37044.0,36853.0,1482.0,1129.0,74.0,12269.0
torch._C._nn.softshrink.models,38149.0,37575.0,37697.0,36861.0,1993.0,737.0,110.0,20924.0
torch._C._nn.unflatten_dense_tensors.models,37953.0,37970.0,36941.0,36864.0,646.0,1345.0,36.0,12876.0
torch._C._nn.upsample_bicubic2d.models,38225.0,37580.0,37886.0,36843.0,655.0,2037.0,122.0,10374.0
torch._C._nn.upsample_bilinear2d.models,38203.0,38151.0,37889.0,36858.0,270.0,255.0,80.0,3461.0
torch._C._nn.upsample_linear1d.models,38207.0,37586.0,37835.0,36847.0,626.0,2750.0,69.0,10438.0
torch._C._nn.upsample_nearest1d.models,38243.0,37567.0,37863.0,36864.0,867.0,77.0,97.0,10295.0
torch._C._nn.upsample_nearest2d.models,38426.0,38148.0,37894.0,36837.0,731.0,850.0,135.0,11142.0
torch._C._nn.upsample_nearest3d.models,38269.0,37708.0,37907.0,36859.0,485.0,1939.0,68.0,10761.0
torch._C._nn.upsample_trilinear3d.models,37904.0,37901.0,37906.0,36823.0,1060.0,1057.0,70.0,12519.0
torch._C._special.special_airy_ai.models,38032.0,37967.0,37603.0,36844.0,1175.0,1188.0,45.0,13301.0
torch._C._special.special_bessel_j0.models,38040.0,37906.0,37616.0,36856.0,1758.0,1519.0,79.0,12457.0
torch._C._special.special_bessel_j1.models,38037.0,38009.0,37608.0,36861.0,1790.0,928.0,53.0,13246.0
torch._C._special.special_bessel_y0.models,37859.0,37930.0,37624.0,36851.0,2007.0,1595.0,121.0,12990.0
torch._C._special.special_bessel_y1.models,38010.0,37854.0,37603.0,36848.0,1110.0,1018.0,53.0,12635.0
torch._C._special.special_chebyshev_polynomial_t.models,37977.0,37914.0,37935.0,36842.0,8.0,33.0,60.0,8197.0
torch._C._special.special_chebyshev_polynomial_u.models,37868.0,38034.0,37926.0,36847.0,5.0,65.0,41.0,12338.0
torch._C._special.special_entr.models,38033.0,37884.0,36786.0,36849.0,1304.0,510.0,2.0,11265.0
torch._C._special.special_erfcx.models,37968.0,37907.0,37549.0,36855.0,1131.0,1013.0,7.0,13307.0
torch._C._special.special_hermite_polynomial_h.models,38014.0,37821.0,36822.0,36847.0,8.0,2.0,5.0,13669.0
torch._C._special.special_hermite_polynomial_he.models,38087.0,37542.0,37936.0,36863.0,17.0,2.0,67.0,10989.0
torch._C._special.special_i0e.models,37963.0,37991.0,37616.0,36833.0,1245.0,927.0,76.0,15057.0
torch._C._special.special_i1.models,38039.0,37996.0,37605.0,36837.0,890.0,495.0,38.0,8104.0
torch._C._special.special_i1e.models,38285.0,37993.0,37625.0,36821.0,915.0,503.0,70.0,8009.0
torch._C._special.special_laguerre_polynomial_l.models,37987.0,38095.0,37596.0,36860.0,8.0,73.0,45.0,14993.0
torch._C._special.special_log_ndtr.models,38000.0,37992.0,37604.0,36850.0,830.0,581.0,84.0,10910.0
torch._C._special.special_modified_bessel_i0.models,38027.0,37993.0,37569.0,36858.0,856.0,1361.0,10.0,10267.0
torch._C._special.special_modified_bessel_i1.models,38024.0,37858.0,37581.0,36838.0,860.0,1523.0,20.0,13568.0
torch._C._special.special_modified_bessel_k0.models,38034.0,37980.0,37592.0,36864.0,1166.0,1437.0,18.0,13679.0
torch._C._special.special_modified_bessel_k1.models,38046.0,37980.0,37600.0,36852.0,1810.0,455.0,57.0,13292.0
torch._C._special.special_ndtr.models,38006.0,37979.0,37615.0,36848.0,877.0,608.0,49.0,10140.0
torch._C._special.special_ndtri.models,37904.0,37990.0,37608.0,36860.0,1029.0,532.0,22.0,8416.0
torch._C._special.special_polygamma.models,37979.0,37984.0,36910.0,36827.0,500.0,1434.0,14.0,14018.0
torch._C._special.special_scaled_modified_bessel_k0.models,37959.0,37984.0,37611.0,36861.0,1244.0,615.0,38.0,10301.0
torch._C._special.special_scaled_modified_bessel_k1.models,37960.0,38000.0,36900.0,36850.0,1433.0,918.0,22.0,10842.0
torch._C._special.special_spherical_bessel_j0.models,38045.0,37966.0,37594.0,36855.0,241.0,370.0,33.0,3486.0
torch._C._special.special_xlog1py.models,38181.0,38198.0,37938.0,36832.0,1247.0,566.0,67.0,17044.0
torch._C._special.special_zeta.models,37935.0,38012.0,37611.0,36861.0,4.0,66.0,46.0,10823.0
torch.abs.models,37940.0,37983.0,36964.0,36887.0,2166.0,975.0,42.0,13749.0
torch.acos.models,37989.0,37952.0,36949.0,36858.0,1868.0,1036.0,40.0,12656.0
torch.acosh.models,38052.0,37991.0,37607.0,36845.0,1838.0,973.0,66.0,13397.0
torch.adaptive_avg_pool1d.models,38150.0,37774.0,37937.0,36863.0,75.0,159.0,60.0,125.0
torch.adaptive_max_pool1d.models,38150.0,38157.0,37870.0,36853.0,1705.0,865.0,94.0,12648.0
torch.add.models,38221.0,38261.0,37811.0,37709.0,195.0,149.0,110.0,2787.0
torch.addbmm.models,37985.0,37958.0,37693.0,36858.0,464.0,1398.0,12.0,12365.0
torch.addcdiv.models,38123.0,38126.0,38117.0,36839.0,827.0,655.0,79.0,11166.0
torch.addcmul.models,38197.0,38197.0,37517.0,36853.0,957.0,459.0,44.0,13191.0
torch.addmm.models,37776.0,37975.0,37677.0,36849.0,502.0,1445.0,9.0,13853.0
torch.addmv.models,38043.0,38206.0,36831.0,36844.0,540.0,875.0,2.0,13590.0
torch.addr.models,38329.0,38182.0,36891.0,36859.0,696.0,1133.0,12.0,12746.0
torch.all.models,38072.0,37836.0,36525.0,36841.0,609.0,1003.0,1.0,14039.0
torch.amax.models,38095.0,37972.0,37819.0,36840.0,189.0,1316.0,97.0,12599.0
torch.amin.models,38077.0,37843.0,36811.0,36851.0,517.0,1505.0,2.0,14147.0
torch.aminmax.models,38088.0,37968.0,36905.0,36842.0,620.0,1402.0,10.0,13045.0
torch.angle.models,37933.0,37996.0,37615.0,36859.0,1077.0,1467.0,13.0,12954.0
torch.any.models,38114.0,38003.0,37714.0,36855.0,3283.0,1936.0,265.0,58327.0
torch.argmax.models,38051.0,38077.0,37730.0,36858.0,1305.0,810.0,55.0,12974.0
torch.argmin.models,38081.0,37590.0,37761.0,36864.0,2110.0,2063.0,262.0,25778.0
torch.argsort.models,38112.0,38092.0,37772.0,36839.0,1407.0,1770.0,135.0,14230.0
torch.argwhere.models,38015.0,38045.0,37675.0,36858.0,2088.0,1375.0,90.0,18588.0
torch.as_strided.models,38136.0,37946.0,37865.0,36859.0,2360.0,1291.0,40.0,20711.0
torch.as_strided_scatter.models,37984.0,37979.0,38053.0,36853.0,485.0,1287.0,36.0,11994.0
torch.as_tensor.models,37901.0,37882.0,37040.0,36853.0,1160.0,178.0,78.0,18600.0
torch.asin.models,38045.0,37997.0,36968.0,36853.0,5407.0,2533.0,166.0,38310.0
torch.asinh.models,38005.0,37999.0,37617.0,36859.0,877.0,753.0,65.0,11687.0
torch.atan.models,38037.0,37992.0,36953.0,36868.0,4825.0,1803.0,72.0,32764.0
torch.atan2.models,38156.0,38155.0,37385.0,36858.0,3164.0,2669.0,130.0,35721.0
torch.atanh.models,38001.0,37971.0,37620.0,36853.0,1795.0,2140.0,128.0,19217.0
torch.atleast_1d.models,38052.0,38045.0,37704.0,36858.0,1732.0,1406.0,36.0,14920.0
torch.atleast_2d.models,38013.0,38050.0,37538.0,36844.0,1582.0,1761.0,11.0,19191.0
torch.atleast_3d.models,38106.0,38047.0,37784.0,36857.0,1270.0,1437.0,38.0,13577.0
torch.avg_pool1d.models,37980.0,37993.0,36876.0,36847.0,837.0,1292.0,5.0,12699.0
torch.baddbmm.models,37980.0,37956.0,36856.0,36841.0,457.0,1417.0,6.0,13367.0
torch.bernoulli.models,37899.0,37572.0,37663.0,36860.0,74.0,440.0,230.0,42530.0
torch.bilinear.models,37949.0,37911.0,36818.0,36852.0,652.0,1087.0,3.0,12693.0
torch.binary_cross_entropy_with_logits.models,38218.0,38170.0,37776.0,36836.0,900.0,436.0,63.0,12066.0
torch.bitwise_and.models,38204.0,38206.0,38066.0,36852.0,3374.0,4163.0,376.0,54818.0
torch.bitwise_left_shift.models,38187.0,38216.0,38016.0,36857.0,2830.0,4623.0,291.0,85232.0
torch.bitwise_not.models,38004.0,37992.0,37629.0,36860.0,2442.0,1875.0,17991.0,30467.0
torch.bitwise_or.models,38198.0,38237.0,38062.0,36856.0,1788.0,2502.0,272.0,44202.0
torch.bitwise_right_shift.models,38195.0,38038.0,38024.0,36840.0,1589.0,2141.0,326.0,34149.0
torch.bitwise_xor.models,38409.0,38200.0,38057.0,36845.0,3482.0,3764.0,222.0,48283.0
torch.block_diag.models,37924.0,37896.0,38106.0,36861.0,107.0,119.0,20.0,12818.0
torch.bmm.models,38053.0,37951.0,37995.0,36864.0,1041.0,562.0,87.0,15722.0
torch.broadcast_tensors.models,37929.0,37978.0,36832.0,36844.0,115.0,1383.0,5.0,12633.0
torch.broadcast_to.models,38245.0,37741.0,36956.0,36852.0,237.0,79.0,115.0,9254.0
torch.bucketize.models,38242.0,38018.0,38040.0,36860.0,1489.0,712.0,183.0,32772.0
torch.cartesian_prod.models,37965.0,37900.0,36533.0,36843.0,210.0,119.0,1.0,13467.0
torch.cat.models,37952.0,37984.0,37500.0,36876.0,148.0,1288.0,4.0,1.0
torch.ceil.models,38086.0,37928.0,36963.0,36873.0,2399.0,1121.0,203.0,20319.0
torch.cholesky.models,37911.0,,37698.0,36843.0,1041.0,,320.0,19199.0
torch.cholesky_inverse.models,38009.0,,36947.0,36858.0,701.0,,136.0,15923.0
torch.cholesky_solve.models,37993.0,37974.0,36828.0,36840.0,467.0,1290.0,4.0,13586.0
torch.chunk.models,38254.0,37788.0,36941.0,36865.0,1246.0,1015.0,38.0,10921.0
torch.clamp.models,38402.0,,38133.0,36860.0,2987.0,,194.0,40909.0
torch.clamp_.models,38220.0,,38062.0,36844.0,1430.0,,186.0,18108.0
torch.clamp_max.models,38216.0,38097.0,38122.0,36849.0,2279.0,1293.0,283.0,40393.0
torch.clamp_max_.models,38196.0,38034.0,38022.0,36840.0,2880.0,3586.0,161.0,18068.0
torch.clamp_min.models,38238.0,38179.0,38114.0,36843.0,2982.0,2476.0,407.0,39150.0
torch.clamp_min_.models,38206.0,37618.0,37997.0,36859.0,1643.0,2845.0,103.0,16364.0
torch.column_stack.models,37814.0,37553.0,36539.0,36831.0,3.0,1.0,1.0,14026.0
torch.combinations.models,38420.0,37891.0,36939.0,36859.0,803.0,123.0,54.0,11518.0
torch.complex.models,37926.0,37760.0,38056.0,36848.0,203.0,1472.0,126.0,12047.0
torch.conj.models,38027.0,36747.0,37727.0,36859.0,601.0,947.0,4109.0,7861.0
torch.conj_physical.models,38113.0,37879.0,37650.0,36857.0,1475.0,1076.0,12353.0,20621.0
torch.constant_pad_nd.models,38214.0,37643.0,37907.0,36849.0,695.0,462.0,58.0,8327.0
torch.conv1d.models,37986.0,37977.0,36500.0,36857.0,462.0,1268.0,1.0,11854.0
torch.conv2d.models,37870.0,37909.0,36937.0,36842.0,517.0,1596.0,64.0,12685.0
torch.conv_transpose1d.models,37949.0,37965.0,36903.0,36858.0,649.0,1244.0,9.0,10404.0
torch.conv_transpose2d.models,37986.0,37865.0,36897.0,36844.0,925.0,2031.0,17.0,19381.0
torch.conv_transpose3d.models,37950.0,37986.0,36942.0,36843.0,1115.0,1953.0,47.0,17192.0
torch.copysign.models,38176.0,38198.0,38082.0,36860.0,4866.0,5637.0,185.0,66722.0
torch.corrcoef.models,38026.0,37971.0,37875.0,36847.0,1006.0,562.0,66.0,8125.0
torch.cos.models,38005.0,37946.0,36955.0,36861.0,2984.0,2181.0,83.0,32570.0
torch.cosh.models,38033.0,37987.0,36952.0,36843.0,4617.0,2547.0,112.0,32150.0
torch.cosine_embedding_loss.models,38229.0,38260.0,36943.0,36862.0,2419.0,1444.0,62.0,20769.0
torch.cosine_similarity.models,38042.0,38337.0,37833.0,36853.0,1001.0,861.0,41.0,13523.0
torch.count_nonzero.models,38183.0,38037.0,37811.0,36848.0,2882.0,3072.0,96.0,32161.0
torch.cov.models,38254.0,37959.0,37864.0,36855.0,1403.0,1363.0,104.0,19368.0
torch.cross.models,38094.0,38056.0,36926.0,36849.0,1304.0,1044.0,69.0,14158.0
torch.cummax.models,38056.0,38018.0,37692.0,36860.0,954.0,1578.0,47.0,15554.0
torch.cummin.models,38054.0,38004.0,37707.0,36861.0,800.0,1638.0,59.0,14448.0
torch.cumprod.models,38349.0,37939.0,37760.0,36856.0,3698.0,2027.0,200.0,30926.0
torch.cumsum.models,38077.0,38081.0,37759.0,36855.0,2332.0,2529.0,116.0,33630.0
torch.cumulative_trapezoid.models,38299.0,38244.0,38174.0,36860.0,1843.0,1542.0,57.0,14262.0
torch.deg2rad.models,38239.0,38038.0,37651.0,36847.0,4929.0,3671.0,145.0,35564.0
torch.diag.models,38111.0,38053.0,36949.0,36847.0,2880.0,2312.0,148.0,28223.0
torch.diag_embed.models,38059.0,37974.0,36933.0,36849.0,321.0,121.0,89.0,17571.0
torch.diagflat.models,37943.0,37929.0,36938.0,36842.0,11.0,1298.0,60.0,19152.0
torch.diagonal.models,38154.0,38163.0,37857.0,36841.0,1222.0,1165.0,98.0,16110.0
torch.diagonal_copy.models,38028.0,37995.0,37721.0,36836.0,3046.0,2053.0,90.0,28034.0
torch.diagonal_scatter.models,38051.0,37961.0,37990.0,36845.0,480.0,858.0,27.0,13610.0
torch.diff.models,38377.0,38270.0,38094.0,36857.0,1622.0,1403.0,28.0,17314.0
torch.digamma.models,38024.0,37998.0,37620.0,36862.0,1373.0,833.0,83.0,10566.0
torch.div.models,38355.0,38238.0,38313.0,37497.0,5169.0,4124.0,540.0,67494.0
torch.divide.models,38390.0,38269.0,38124.0,36855.0,1437.0,1222.0,32.0,15691.0
torch.dropout.models,38419.0,38125.0,36933.0,36850.0,1311.0,1863.0,35.0,11993.0
torch.dsplit.models,38277.0,38220.0,36945.0,36846.0,1869.0,1089.0,62.0,12575.0
torch.dstack.models,37956.0,37974.0,37793.0,36855.0,135.0,1330.0,35.0,10238.0
torch.einsum.models,37906.0,37966.0,38274.0,36861.0,552.0,1420.0,20.0,13948.0
torch.empty_like.models,38243.0,38170.0,36897.0,36858.0,917.0,1562.0,7.0,12767.0
torch.eq.models,38117.0,38096.0,37560.0,37354.0,1119.0,1047.0,120.0,13065.0
torch.erf.models,38050.0,37987.0,36947.0,36844.0,1339.0,917.0,73.0,13357.0
torch.erfc.models,37989.0,37988.0,36944.0,36831.0,1959.0,1445.0,39.0,12518.0
torch.erfinv.models,38022.0,37984.0,37614.0,36866.0,1922.0,992.0,29.0,12495.0
torch.exp.models,38047.0,37495.0,36952.0,36842.0,1889.0,1005.0,66.0,13174.0
torch.exp2.models,38008.0,37994.0,37613.0,36847.0,805.0,629.0,37.0,9937.0
torch.expm1.models,38028.0,37974.0,36945.0,36857.0,426.0,235.0,58.0,3743.0
torch.flatten.models,37404.0,38058.0,36940.0,36853.0,1.0,1196.0,38.0,11912.0
torch.flip.models,38056.0,37955.0,37810.0,36862.0,1132.0,686.0,103.0,11603.0
torch.fliplr.models,38282.0,37975.0,37657.0,36851.0,1878.0,1222.0,196.0,11282.0
torch.flipud.models,38061.0,38043.0,37655.0,36838.0,960.0,680.0,122.0,8087.0
torch.float_power.models,38257.0,38161.0,38121.0,36863.0,2576.0,806.0,112.0,28679.0
torch.floor.models,37977.0,37978.0,36961.0,36859.0,3178.0,2362.0,363.0,32655.0
torch.floor_divide.models,38164.0,38245.0,38150.0,36841.0,4394.0,2550.0,986.0,68324.0
torch.fmax.models,38176.0,38191.0,38034.0,36852.0,2630.0,1797.0,163.0,28432.0
torch.fmin.models,38099.0,38094.0,38003.0,36858.0,2407.0,1570.0,77.0,18644.0
torch.fmod.models,38105.0,38251.0,37492.0,36860.0,1015.0,874.0,60.0,15354.0
torch.frac.models,38059.0,37791.0,36982.0,36861.0,647.0,41.0,138.0,9432.0
torch.frexp.models,38066.0,37537.0,37657.0,36859.0,845.0,1632.0,52.0,9670.0
torch.full_like.models,38058.0,38042.0,37817.0,36846.0,943.0,991.0,59.0,10142.0
torch.gather.models,38026.0,37964.0,36899.0,36862.0,93.0,171.0,6.0,13815.0
torch.gcd.models,38068.0,37993.0,37990.0,36848.0,362.0,18.0,49.0,5168.0
torch.ge.models,38225.0,38242.0,37461.0,36845.0,1752.0,1253.0,70.0,20170.0
torch.geqrf.models,37923.0,37975.0,36960.0,36854.0,1047.0,851.0,340.0,13560.0
torch.gradient.models,38231.0,38225.0,37881.0,36852.0,695.0,2584.0,127.0,31225.0
torch.gt.models,38259.0,38150.0,37539.0,37367.0,2415.0,3625.0,18971.0,35469.0
torch.hardshrink.models,38120.0,37832.0,37037.0,36841.0,1914.0,65.0,186.0,17230.0
torch.heaviside.models,38147.0,38017.0,38058.0,36860.0,1338.0,641.0,97.0,14241.0
torch.hinge_embedding_loss.models,38281.0,,38101.0,36839.0,677.0,,43.0,10238.0
torch.histc.models,38292.0,37575.0,37833.0,36864.0,2480.0,5700.0,243.0,20991.0
torch.histogram.models,38453.0,,37930.0,36835.0,965.0,,140.0,23024.0
torch.histogramdd.models,37890.0,,38300.0,36846.0,4.0,,60.0,5405.0
torch.hsplit.models,38324.0,37829.0,36949.0,36860.0,2307.0,2819.0,101.0,20467.0
torch.hstack.models,0.0,37983.0,36813.0,36849.0,0.0,1386.0,3.0,12774.0
torch.hypot.models,38238.0,38035.0,38010.0,36864.0,975.0,601.0,100.0,15452.0
torch.i0.models,38067.0,37830.0,37622.0,36862.0,1460.0,1081.0,132.0,20497.0
torch.igamma.models,38254.0,38052.0,38040.0,36858.0,860.0,576.0,112.0,15835.0
torch.igammac.models,38187.0,38038.0,38027.0,36859.0,747.0,314.0,74.0,19690.0
torch.imag.models,38139.0,38122.0,37722.0,36846.0,1705.0,1294.0,78.0,12406.0
torch.index_put.models,38159.0,37950.0,36521.0,36862.0,242.0,1337.0,1.0,10367.0
torch.isfinite.models,38045.0,37544.0,37703.0,36848.0,1481.0,1991.0,7559.0,11492.0
torch.isin.models,38586.0,38512.0,38307.0,36861.0,1691.0,633.0,306.0,53784.0
torch.isinf.models,38024.0,37515.0,37637.0,36854.0,649.0,1217.0,1413.0,11152.0
torch.isnan.models,38058.0,36879.0,36971.0,36864.0,533.0,1152.0,564.0,9965.0
torch.isneginf.models,38070.0,37888.0,37636.0,36860.0,1547.0,1289.0,5397.0,18786.0
torch.isposinf.models,37963.0,37903.0,37638.0,36863.0,2046.0,1710.0,2260.0,19503.0
torch.isreal.models,38078.0,37545.0,37706.0,36861.0,833.0,1417.0,5611.0,8759.0
torch.istft.models,37967.0,37985.0,37962.0,36845.0,710.0,1474.0,6.0,12071.0
torch.kron.models,38128.0,38002.0,37924.0,36854.0,75.0,820.0,80.0,14502.0
torch.kthvalue.models,38131.0,38076.0,37771.0,36860.0,877.0,1196.0,46.0,12571.0
torch.lcm.models,38137.0,38153.0,37990.0,36860.0,175.0,137.0,12.0,5392.0
torch.ldexp.models,38144.0,38197.0,37959.0,36853.0,932.0,841.0,61.0,13298.0
torch.le.models,38191.0,38175.0,37454.0,36856.0,923.0,836.0,76.0,12415.0
torch.lerp.models,38307.0,37947.0,37535.0,36864.0,617.0,1263.0,73.0,19544.0
torch.lgamma.models,37971.0,37976.0,36940.0,36835.0,2067.0,972.0,63.0,12062.0
torch.log.models,38038.0,37943.0,36954.0,36837.0,1925.0,1553.0,53.0,12643.0
torch.log10.models,38016.0,38023.0,36958.0,36855.0,4713.0,3563.0,100.0,31868.0
torch.log1p.models,38005.0,36880.0,36960.0,36856.0,2056.0,1059.0,63.0,13217.0
torch.log2.models,38004.0,38003.0,36938.0,36861.0,1364.0,984.0,38.0,12968.0
torch.log_softmax.models,38041.0,37961.0,37724.0,36853.0,1207.0,612.0,122.0,12409.0
torch.logaddexp.models,38051.0,38078.0,37923.0,36845.0,1547.0,1478.0,22.0,13086.0
torch.logaddexp2.models,38092.0,38012.0,37965.0,36855.0,626.0,72.0,49.0,12440.0
torch.logcumsumexp.models,37902.0,38044.0,37675.0,36860.0,508.0,1197.0,15.0,10346.0
torch.logdet.models,38181.0,37975.0,36926.0,36844.0,983.0,1445.0,27.0,13832.0
torch.logical_and.models,38245.0,38234.0,38086.0,37955.0,902.0,1285.0,280.0,10647.0
torch.logical_not.models,37977.0,37840.0,37631.0,36841.0,1163.0,1508.0,8835.0,13049.0
torch.logical_or.models,38140.0,38117.0,38069.0,37936.0,706.0,125.0,1290.0,11605.0
torch.logical_xor.models,38126.0,38183.0,38072.0,37963.0,733.0,1211.0,864.0,11673.0
torch.logit.models,38035.0,37853.0,36882.0,36860.0,1151.0,1505.0,4.0,13771.0
torch.logsumexp.models,38420.0,36873.0,37859.0,36828.0,238.0,1035.0,78.0,15013.0
torch.lt.models,38059.0,38168.0,37531.0,37373.0,5014.0,1691.0,27620.0,51886.0
torch.lu_solve.models,38115.0,37960.0,37986.0,36856.0,485.0,1365.0,29.0,11870.0
torch.margin_ranking_loss.models,38196.0,38245.0,38016.0,36864.0,2266.0,970.0,56.0,18788.0
torch.masked_fill.models,38117.0,38170.0,38090.0,36860.0,2221.0,2310.0,101.0,32420.0
torch.masked_scatter.models,38136.0,37940.0,36952.0,36839.0,1145.0,1373.0,62.0,21090.0
torch.masked_select.models,38296.0,38268.0,37651.0,36863.0,877.0,596.0,65.0,14915.0
torch.matmul.models,38474.0,38348.0,37734.0,37660.0,567.0,654.0,48.0,27.0
torch.matrix_exp.models,38521.0,37965.0,38085.0,36857.0,358.0,674.0,74.0,10223.0
torch.max.models,38292.0,38210.0,38153.0,37441.0,523.0,508.0,71.0,8329.0
torch.max_pool1d.models,37959.0,37980.0,36895.0,36862.0,645.0,1387.0,10.0,13802.0
torch.max_pool1d_with_indices.models,37971.0,37904.0,36895.0,36855.0,784.0,1136.0,12.0,13674.0
torch.max_pool2d.models,37945.0,37984.0,36919.0,36857.0,574.0,1399.0,50.0,10963.0
torch.max_pool3d.models,37913.0,37964.0,36947.0,36847.0,569.0,1303.0,77.0,11906.0
torch.maximum.models,38145.0,38131.0,38057.0,36860.0,693.0,845.0,80.0,11404.0
torch.mean.models,38140.0,38074.0,37836.0,36844.0,444.0,1072.0,144.0,13178.0
torch.median.models,38177.0,38124.0,37742.0,36860.0,815.0,1197.0,53.0,13373.0
torch.meshgrid.models,37961.0,37976.0,36898.0,36851.0,454.0,1262.0,9.0,10316.0
torch.min.models,38247.0,38239.0,38139.0,37392.0,910.0,913.0,96.0,11023.0
torch.minimum.models,38172.0,38102.0,38045.0,36863.0,509.0,403.0,43.0,10450.0
torch.mm.models,38144.0,38007.0,37999.0,36855.0,726.0,593.0,60.0,10390.0
torch.mode.models,38073.0,37919.0,37689.0,36843.0,276.0,209.0,16.0,6072.0
torch.moveaxis.models,38237.0,38187.0,37935.0,36860.0,4564.0,3336.0,766.0,32935.0
torch.movedim.models,38253.0,38126.0,37914.0,36858.0,3490.0,3375.0,1241.0,29497.0
torch.msort.models,38129.0,38132.0,37720.0,36852.0,3602.0,2340.0,109.0,37163.0
torch.mul.models,38254.0,38398.0,37745.0,37652.0,3128.0,2522.0,467.0,35449.0
torch.mv.models,37976.0,37982.0,36907.0,36842.0,495.0,998.0,16.0,12689.0
torch.mvlgamma.models,38147.0,38347.0,37761.0,36846.0,2382.0,2819.0,151.0,27425.0
torch.nan_to_num.models,38018.0,38041.0,37742.0,36859.0,4139.0,3242.0,17616.0,26994.0
torch.nanmean.models,38141.0,38134.0,37861.0,36861.0,1179.0,640.0,186.0,14672.0
torch.nanmedian.models,38179.0,37994.0,37794.0,36844.0,2485.0,2842.0,89.0,32597.0
torch.nanquantile.models,38516.0,38005.0,38071.0,36853.0,1875.0,18.0,309.0,29979.0
torch.nansum.models,38180.0,37966.0,37860.0,36864.0,1366.0,981.0,235.0,16725.0
torch.narrow.models,38180.0,37772.0,37811.0,36841.0,685.0,781.0,185.0,12124.0
torch.narrow_copy.models,38149.0,37942.0,36952.0,36845.0,1431.0,673.0,184.0,20148.0
torch.native_batch_norm.models,37926.0,37983.0,36862.0,36859.0,53.0,1342.0,5.0,12649.0
torch.native_dropout.models,38088.0,38368.0,36902.0,36845.0,899.0,1830.0,8.0,12793.0
torch.native_layer_norm.models,38026.0,,37807.0,36857.0,445.0,,74.0,9850.0
torch.ne.models,38186.0,38136.0,37514.0,36856.0,1175.0,2076.0,86.0,21711.0
torch.neg.models,38228.0,37976.0,36989.0,36946.0,2846.0,2120.0,164.0,19157.0
torch.nextafter.models,38121.0,38054.0,38034.0,36849.0,1360.0,469.0,154.0,19384.0
torch.nn.functional.adaptive_avg_pool2d.models,38227.0,37690.0,37936.0,36859.0,633.0,39.0,291.0,9480.0
torch.nn.functional.adaptive_avg_pool3d.models,38181.0,37654.0,37909.0,36849.0,872.0,1138.0,75.0,8420.0
torch.nn.functional.adaptive_max_pool1d_with_indices.models,38357.0,38119.0,37807.0,36843.0,390.0,298.0,33.0,3591.0
torch.nn.functional.adaptive_max_pool2d_with_indices.models,38099.0,38062.0,37753.0,36854.0,450.0,292.0,22.0,3444.0
torch.nn.functional.adaptive_max_pool3d_with_indices.models,38100.0,38089.0,37769.0,36861.0,1223.0,487.0,47.0,7868.0
torch.nn.functional.batch_norm.models,38282.0,37927.0,37831.0,36860.0,327.0,250.0,139.0,3522.0
torch.nn.functional.binary_cross_entropy_with_logits.models,38244.0,37977.0,37753.0,36857.0,681.0,996.0,83.0,9980.0
torch.nn.functional.celu.models,38008.0,37998.0,37699.0,36863.0,2115.0,1402.0,68.0,15496.0
torch.nn.functional.cosine_embedding_loss.models,38149.0,38224.0,38125.0,36858.0,1068.0,572.0,89.0,10502.0
torch.nn.functional.cross_entropy.models,37945.0,37976.0,36921.0,36858.0,626.0,1248.0,26.0,11902.0
torch.nn.functional.dropout.models,38177.0,37972.0,36712.0,36847.0,1340.0,2033.0,2.0,13844.0
torch.nn.functional.dropout1d.models,38195.0,37987.0,36889.0,36849.0,754.0,1436.0,7.0,12643.0
torch.nn.functional.dropout2d.models,37967.0,38012.0,36518.0,36858.0,1118.0,1727.0,1.0,12144.0
torch.nn.functional.dropout3d.models,38189.0,38157.0,36940.0,36846.0,1167.0,1746.0,25.0,13563.0
torch.nn.functional.elu.models,37999.0,37665.0,37045.0,36840.0,1171.0,1793.0,89.0,8224.0
torch.nn.functional.embedding.models,37965.0,37982.0,36899.0,36860.0,769.0,1391.0,16.0,11912.0
torch.nn.functional.feature_alpha_dropout.models,38431.0,38388.0,36864.0,36842.0,1244.0,1679.0,7.0,14240.0
torch.nn.functional.fractional_max_pool2d_with_indices.models,37979.0,37905.0,37853.0,36841.0,719.0,596.0,21.0,13622.0
torch.nn.functional.fractional_max_pool3d_with_indices.models,37963.0,37958.0,36838.0,36847.0,673.0,1422.0,7.0,12735.0
torch.nn.functional.gaussian_nll_loss.models,38376.0,37843.0,36932.0,36855.0,1127.0,1024.0,53.0,15566.0
torch.nn.functional.glu.models,37952.0,37985.0,36936.0,36851.0,790.0,1462.0,101.0,12621.0
torch.nn.functional.grid_sample.models,37979.0,37974.0,36493.0,36857.0,669.0,980.0,1.0,11957.0
torch.nn.functional.group_norm.models,38263.0,,38145.0,36860.0,376.0,,338.0,10568.0
torch.nn.functional.hardsigmoid.models,38212.0,37585.0,37628.0,36841.0,1553.0,1049.0,47.0,11240.0
torch.nn.functional.hardswish.models,38007.0,37985.0,37621.0,36859.0,930.0,715.0,66.0,9805.0
torch.nn.functional.hardtanh.models,38063.0,37672.0,37769.0,36862.0,1359.0,1016.0,195.0,11630.0
torch.nn.functional.hinge_embedding_loss.models,37940.0,37955.0,36519.0,36848.0,658.0,1402.0,1.0,12794.0
torch.nn.functional.huber_loss.models,38336.0,38461.0,38165.0,36840.0,991.0,499.0,55.0,8103.0
torch.nn.functional.instance_norm.models,38377.0,,38519.0,36859.0,776.0,,135.0,9665.0
torch.nn.functional.kl_div.models,38214.0,38046.0,38006.0,36860.0,1213.0,123.0,63.0,9827.0
torch.nn.functional.l1_loss.models,38573.0,38405.0,37778.0,36867.0,808.0,474.0,36.0,9872.0
torch.nn.functional.layer_norm.models,38039.0,,38185.0,36864.0,692.0,,192.0,8966.0
torch.nn.functional.leaky_relu.models,38121.0,37640.0,37041.0,36849.0,872.0,242.0,64.0,9160.0
torch.nn.functional.local_response_norm.models,38655.0,38229.0,38130.0,36865.0,880.0,1438.0,64.0,10464.0
torch.nn.functional.log_softmax.models,38039.0,,37726.0,36859.0,889.0,,71.0,9522.0
torch.nn.functional.margin_ranking_loss.models,38270.0,37959.0,38049.0,36843.0,491.0,9.0,68.0,10034.0
torch.nn.functional.max_pool1d_with_indices.models,37966.0,37976.0,36913.0,36852.0,648.0,1433.0,10.0,12406.0
torch.nn.functional.max_pool2d_with_indices.models,38179.0,,36939.0,36862.0,657.0,,56.0,8819.0
torch.nn.functional.max_pool3d_with_indices.models,37929.0,37975.0,36563.0,36863.0,535.0,1402.0,1.0,12664.0
torch.nn.functional.mish.models,38022.0,37583.0,37635.0,36845.0,494.0,1851.0,180.0,10202.0
torch.nn.functional.mse_loss.models,38505.0,38371.0,38234.0,36860.0,901.0,371.0,48.0,8421.0
torch.nn.functional.multi_head_attention_forward.models,37959.0,37978.0,36885.0,36841.0,643.0,1360.0,8.0,13739.0
torch.nn.functional.normalize.models,38479.0,,38044.0,36850.0,574.0,,72.0,8331.0
torch.nn.functional.pad.models,37947.0,37986.0,37966.0,37855.0,657.0,1436.0,16.0,55.0
torch.nn.functional.poisson_nll_loss.models,38255.0,38060.0,37987.0,36845.0,802.0,1190.0,27.0,7234.0
torch.nn.functional.relu.models,38072.0,37617.0,37681.0,36849.0,653.0,971.0,670.0,8514.0
torch.nn.functional.relu6.models,38102.0,37478.0,36977.0,36855.0,671.0,1004.0,80.0,8397.0
torch.nn.functional.rrelu.models,38455.0,37697.0,38014.0,36860.0,963.0,1347.0,44.0,8899.0
torch.nn.functional.selu.models,38069.0,37358.0,37641.0,36848.0,706.0,2119.0,56.0,9173.0
torch.nn.functional.silu.models,37949.0,37564.0,37636.0,36847.0,1095.0,1467.0,94.0,9083.0
torch.nn.functional.smooth_l1_loss.models,38517.0,38197.0,36951.0,36853.0,929.0,901.0,68.0,7437.0
torch.nn.functional.soft_margin_loss.models,38220.0,38001.0,38010.0,36846.0,467.0,68.0,83.0,10140.0
torch.nn.functional.softmax.models,38053.0,37633.0,37724.0,36849.0,1036.0,219.0,219.0,8635.0
torch.nn.functional.softmin.models,38136.0,,37716.0,36839.0,851.0,,73.0,9108.0
torch.nn.functional.softsign.models,38171.0,38117.0,37218.0,36860.0,1413.0,1241.0,40.0,10990.0
torch.nn.functional.tanhshrink.models,38042.0,38011.0,37062.0,36856.0,452.0,314.0,86.0,3743.0
torch.nn.functional.threshold.models,38045.0,38041.0,37081.0,36841.0,1275.0,891.0,160.0,10063.0
torch.nn.functional.triplet_margin_loss.models,38280.0,38250.0,36947.0,36845.0,523.0,310.0,109.0,11220.0
torch.nn.functional.unfold.models,37935.0,37984.0,36923.0,36798.0,639.0,1306.0,14.0,13505.0
torch.nonzero.models,38092.0,38061.0,37727.0,36856.0,2504.0,1871.0,80.0,37342.0
torch.ones_like.models,38052.0,38041.0,37771.0,36865.0,353.0,200.0,84.0,4330.0
torch.ormqr.models,37985.0,37936.0,36923.0,36846.0,428.0,637.0,20.0,12179.0
torch.outer.models,38198.0,38205.0,36923.0,36848.0,490.0,947.0,12.0,11131.0
torch.pairwise_distance.models,38237.0,38205.0,38028.0,36859.0,522.0,347.0,73.0,8232.0
torch.pdist.models,38040.0,38025.0,36941.0,36847.0,915.0,1174.0,29.0,11300.0
torch.permute.models,38207.0,37978.0,37879.0,36843.0,742.0,1434.0,13.0,14029.0
torch.pinverse.models,38196.0,38209.0,37838.0,36849.0,776.0,943.0,36.0,11695.0
torch.pixel_shuffle.models,37984.0,37780.0,37674.0,36852.0,712.0,2007.0,33.0,17266.0
torch.pixel_unshuffle.models,37929.0,37990.0,36927.0,36861.0,556.0,1407.0,28.0,13879.0
torch.polar.models,37902.0,37981.0,37939.0,36850.0,517.0,1350.0,16.0,13599.0
torch.polygamma.models,37989.0,37978.0,37633.0,36853.0,477.0,1331.0,10.0,10966.0
torch.positive.models,37963.0,37947.0,37638.0,36861.0,1828.0,1422.0,190.0,12465.0
torch.pow.models,38213.0,38025.0,38215.0,36862.0,3100.0,3487.0,308.0,32270.0
torch.prod.models,38154.0,38121.0,37767.0,36849.0,925.0,1365.0,74.0,13391.0
torch.qr.models,37899.0,37825.0,36961.0,36853.0,1035.0,1017.0,374.0,13135.0
torch.quantile.models,38534.0,37968.0,38088.0,36857.0,431.0,890.0,108.0,11665.0
torch.rad2deg.models,38022.0,37992.0,37647.0,36860.0,1852.0,1317.0,68.0,18899.0
torch.rand_like.models,38289.0,38167.0,36889.0,36858.0,708.0,1505.0,8.0,11965.0
torch.randint_like.models,38341.0,38016.0,36909.0,36844.0,797.0,1594.0,13.0,13707.0
torch.randn_like.models,38275.0,38317.0,36929.0,36862.0,1078.0,1962.0,23.0,13495.0
torch.ravel.models,38076.0,38042.0,37688.0,36852.0,1874.0,888.0,138.0,14272.0
torch.real.models,38208.0,37970.0,37697.0,36853.0,2492.0,1848.0,87.0,19276.0
torch.reciprocal.models,38012.0,38035.0,36974.0,36865.0,1257.0,979.0,31.0,14635.0
torch.relu.models,38011.0,37968.0,36972.0,36833.0,1713.0,1432.0,133.0,14045.0
torch.relu_.models,38024.0,38005.0,37652.0,36860.0,735.0,552.0,157.0,5694.0
torch.remainder.models,38219.0,38186.0,38119.0,36860.0,5410.0,4570.0,274.0,52523.0
torch.renorm.models,38169.0,37958.0,37831.0,36853.0,307.0,236.0,60.0,3616.0
torch.repeat_interleave.models,38231.0,37953.0,37941.0,36861.0,444.0,355.0,57.0,7815.0
torch.reshape.models,38188.0,37983.0,37803.0,36856.0,620.0,1403.0,11.0,11962.0
torch.resolve_conj.models,37986.0,37974.0,37622.0,36856.0,1391.0,713.0,59.0,11796.0
torch.resolve_neg.models,37975.0,37973.0,36923.0,36845.0,1286.0,898.0,43.0,10170.0
torch.roll.models,38207.0,38165.0,37875.0,36843.0,739.0,443.0,111.0,8259.0
torch.rot90.models,38234.0,38212.0,36935.0,36853.0,608.0,561.0,69.0,10764.0
torch.round.models,38007.0,38040.0,37683.0,36849.0,1223.0,982.0,65.0,8213.0
torch.rsqrt.models,38070.0,37998.0,36965.0,36860.0,486.0,359.0,25.0,3770.0
torch.rsub.models,38256.0,38244.0,38008.0,36858.0,772.0,642.0,28.0,15455.0
torch.searchsorted.models,37965.0,37962.0,36875.0,36841.0,323.0,1309.0,6.0,14084.0
torch.select.models,38128.0,38132.0,37790.0,36828.0,1697.0,1373.0,89.0,12522.0
torch.select_scatter.models,38206.0,37998.0,37996.0,36855.0,1351.0,1096.0,60.0,21753.0
torch.sgn.models,38007.0,37995.0,37649.0,36861.0,2844.0,1363.0,11250.0,17534.0
torch.sigmoid.models,38004.0,37988.0,36976.0,36860.0,4374.0,1715.0,272.0,32379.0
torch.sigmoid_.models,37997.0,37929.0,37613.0,36857.0,2950.0,2219.0,52.0,19660.0
torch.sign.models,38007.0,37989.0,37648.0,36850.0,4980.0,2416.0,22350.0,35406.0
torch.signbit.models,37995.0,37992.0,37649.0,36850.0,1270.0,713.0,900.0,8339.0
torch.sin.models,37922.0,37968.0,36942.0,36837.0,4072.0,1684.0,115.0,29060.0
torch.sinc.models,38228.0,37978.0,37611.0,36860.0,2728.0,1380.0,96.0,19676.0
torch.sinh.models,37936.0,38018.0,36962.0,36861.0,2029.0,2162.0,88.0,27811.0
torch.slice_scatter.models,38039.0,37977.0,36827.0,36828.0,452.0,1306.0,7.0,12028.0
torch.softmax.models,38061.0,38019.0,37729.0,36837.0,3383.0,3451.0,120.0,28034.0
torch.sort.models,38108.0,37697.0,37787.0,36857.0,827.0,1540.0,105.0,13481.0
torch.split.models,37992.0,37965.0,36900.0,36842.0,362.0,1442.0,11.0,12761.0
torch.split_copy.models,37992.0,38085.0,37752.0,36858.0,2545.0,1156.0,123.0,12168.0
torch.split_with_sizes.models,38120.0,37896.0,37830.0,36852.0,1308.0,1120.0,71.0,13294.0
torch.sqrt.models,38069.0,38033.0,36967.0,36860.0,1310.0,509.0,245.0,17657.0
torch.square.models,38094.0,37919.0,37636.0,36837.0,2495.0,1407.0,80.0,23030.0
torch.squeeze.models,38126.0,37704.0,37780.0,36858.0,1707.0,3344.0,1792.0,21924.0
torch.stack.models,37957.0,37915.0,38156.0,36853.0,192.0,264.0,126.0,13473.0
torch.std.models,38384.0,38222.0,37880.0,36867.0,929.0,5596.0,250.0,59840.0
torch.std_mean.models,38122.0,38107.0,37869.0,36850.0,1449.0,3714.0,143.0,28271.0
torch.sub.models,38276.0,38366.0,37837.0,37715.0,2309.0,1975.0,510.0,29505.0
torch.subtract.models,38320.0,38237.0,37595.0,36852.0,2782.0,2240.0,281.0,28122.0
torch.sum.models,38118.0,38022.0,37932.0,36852.0,628.0,2561.0,1299.0,22838.0
torch.svd.models,38222.0,37676.0,37824.0,36863.0,412.0,32.0,55.0,10865.0
torch.swapaxes.models,38207.0,37752.0,37833.0,36865.0,1233.0,1598.0,229.0,12966.0
torch.swapdims.models,38231.0,37749.0,37837.0,36853.0,724.0,1573.0,206.0,8153.0
torch.t.models,38210.0,37287.0,36999.0,36850.0,775.0,743.0,57.0,9461.0
torch.take.models,38019.0,37925.0,36949.0,36858.0,59.0,62.0,187.0,29534.0
torch.tan.models,38034.0,38016.0,36960.0,36862.0,4405.0,3753.0,108.0,31195.0
torch.tanh.models,38036.0,37984.0,36969.0,36844.0,4769.0,2411.0,187.0,32271.0
torch.tanh_.models,38197.0,37971.0,37614.0,36834.0,2284.0,1638.0,41.0,14095.0
torch.threshold.models,38000.0,38016.0,37025.0,36867.0,3212.0,2422.0,129.0,31874.0
torch.threshold_.models,37981.0,38012.0,36928.0,36854.0,2173.0,1541.0,33.0,15886.0
torch.tile.models,38128.0,37783.0,37827.0,36862.0,23.0,9.0,43.0,10895.0
torch.transpose.models,38161.0,38117.0,37833.0,36861.0,1621.0,1498.0,299.0,12100.0
torch.trapezoid.models,38101.0,38271.0,38112.0,36845.0,1513.0,1323.0,114.0,12697.0
torch.trapz.models,38297.0,38327.0,37812.0,36856.0,2359.0,1484.0,95.0,12633.0
torch.triangular_solve.models,37976.0,37933.0,36857.0,36848.0,409.0,1260.0,5.0,12620.0
torch.tril.models,38016.0,38008.0,37681.0,36847.0,1399.0,914.0,68.0,13190.0
torch.triplet_margin_loss.models,38275.0,38233.0,36823.0,36843.0,832.0,1313.0,3.0,13825.0
torch.triu.models,38030.0,38044.0,36846.0,36852.0,921.0,875.0,3.0,13934.0
torch.true_divide.models,38188.0,38395.0,37461.0,36835.0,659.0,1296.0,8.0,12578.0
torch.trunc.models,37992.0,37941.0,36949.0,36839.0,1975.0,678.0,123.0,13122.0
torch.unbind.models,38177.0,37982.0,36952.0,36847.0,817.0,1516.0,46.0,11932.0
torch.unflatten.models,38088.0,38098.0,37832.0,36847.0,428.0,695.0,35.0,13109.0
torch.unfold_copy.models,38082.0,38010.0,37735.0,36854.0,1263.0,795.0,81.0,12643.0
torch.unsqueeze.models,38057.0,36951.0,37078.0,36843.0,2265.0,1528.0,103.0,12322.0
torch.var.models,38118.0,38187.0,37883.0,36860.0,224.0,1276.0,81.0,13458.0
torch.var_mean.models,38094.0,38119.0,37873.0,36843.0,2275.0,5929.0,280.0,46093.0
torch.view_as_complex.models,38283.0,37548.0,37674.0,36862.0,1686.0,1050.0,75.0,13904.0
torch.view_as_real.models,38076.0,38049.0,37664.0,36849.0,1972.0,1330.0,51.0,13125.0
torch.view_copy.models,38279.0,38072.0,36925.0,36840.0,726.0,417.0,75.0,19196.0
torch.vsplit.models,38193.0,38178.0,36944.0,36860.0,4801.0,3479.0,100.0,32737.0
torch.vstack.models,37987.0,37973.0,37759.0,36838.0,403.0,1225.0,13.0,11025.0
torch.where.models,38101.0,38053.0,37449.0,37521.0,246.0,288.0,18.0,123.0
torch.xlogy.models,38278.0,38201.0,38075.0,36855.0,7539.0,6386.0,435.0,67873.0
torch.zero_.models,37996.0,37990.0,37627.0,36860.0,2727.0,1944.0,65.0,21862.0
torch.zeros_like.models,37940.0,37576.0,37753.0,36845.0,758.0,173.0,280.0,18223.0
